"Source","Destination","Match"
"C:\ESP\esp32_035_lock_touch_test\docs\DATABASE_SCHEMA.md","D:\SmartLock_Documentation_2026-09-28\12_MISC_REFERENCE\docs\DATABASE_SCHEMA.md","True"
"C:\ESP\esp32_035_lock_touch_test\docs\HARDWARE_BASELINE.md","D:\SmartLock_Documentation_2026-09-28\12_MISC_REFERENCE\docs\HARDWARE_BASELINE.md","True"
"C:\ESP\esp32_035_lock_touch_test\docs\PRODUCT_SCOPE.md","D:\SmartLock_Documentation_2026-09-28\12_MISC_REFERENCE\docs\PRODUCT_SCOPE.md","True"
"C:\ESP\esp32_035_lock_touch_test\docs\architecture\ASTRA_LINE_HEAP_ROOT_CAUSE_2026-09-28.md","D:\SmartLock_Documentation_2026-09-28\06_ARCHITECTURE_AND_SECURITY\docs\architecture\ASTRA_LINE_HEAP_ROOT_CAUSE_2026-09-28.md","True"
"C:\ESP\esp32_035_lock_touch_test\docs\architecture\ASTRA_SYSTEM_UNDERSTANDING_2026-09-28.md","D:\SmartLock_Documentation_2026-09-28\06_ARCHITECTURE_AND_SECURITY\docs\architecture\ASTRA_SYSTEM_UNDERSTANDING_2026-09-28.md","True"
"C:\ESP\esp32_035_lock_touch_test\docs\design\GOOGLE_SHEETS_ARCHITECTURE.md","D:\SmartLock_Documentation_2026-09-28\06_ARCHITECTURE_AND_SECURITY\docs\design\GOOGLE_SHEETS_ARCHITECTURE.md","True"
"C:\ESP\esp32_035_lock_touch_test\docs\design\GOOGLE_SHEETS_FREE_ONLY_ARCHITECTURE.md","D:\SmartLock_Documentation_2026-09-28\06_ARCHITECTURE_AND_SECURITY\docs\design\GOOGLE_SHEETS_FREE_ONLY_ARCHITECTURE.md","True"
"C:\ESP\esp32_035_lock_touch_test\docs\design\GOOGLE_SHEETS_ONE_CLICK_ARCHITECTURE.md","D:\SmartLock_Documentation_2026-09-28\06_ARCHITECTURE_AND_SECURITY\docs\design\GOOGLE_SHEETS_ONE_CLICK_ARCHITECTURE.md","True"
"C:\ESP\esp32_035_lock_touch_test\docs\design\LINE_ONLY_OWNER_PROVISIONING_ARCHITECTURE.md","D:\SmartLock_Documentation_2026-09-28\06_ARCHITECTURE_AND_SECURITY\docs\design\LINE_ONLY_OWNER_PROVISIONING_ARCHITECTURE.md","True"
"C:\ESP\esp32_035_lock_touch_test\docs\design\LINE_SECURITY_NOTIFICATIONS_ARCHITECTURE.md","D:\SmartLock_Documentation_2026-09-28\06_ARCHITECTURE_AND_SECURITY\docs\design\LINE_SECURITY_NOTIFICATIONS_ARCHITECTURE.md","True"
"C:\ESP\esp32_035_lock_touch_test\docs\design\LOCAL_CANONICAL_FALLBACK.md","D:\SmartLock_Documentation_2026-09-28\06_ARCHITECTURE_AND_SECURITY\docs\design\LOCAL_CANONICAL_FALLBACK.md","True"
"C:\ESP\esp32_035_lock_touch_test\docs\phase_reports\ADMIN_MENU_FIX_REPORT.md","D:\SmartLock_Documentation_2026-09-28\07_PHASE_REPORTS_COMPLETE\docs\phase_reports\ADMIN_MENU_FIX_REPORT.md","True"
"C:\ESP\esp32_035_lock_touch_test\docs\phase_reports\ADMIN_PIN_REPORT.md","D:\SmartLock_Documentation_2026-09-28\07_PHASE_REPORTS_COMPLETE\docs\phase_reports\ADMIN_PIN_REPORT.md","True"
"C:\ESP\esp32_035_lock_touch_test\docs\phase_reports\CANONICAL_OWNER_ORIGIN_REPORT.md","D:\SmartLock_Documentation_2026-09-28\07_PHASE_REPORTS_COMPLETE\docs\phase_reports\CANONICAL_OWNER_ORIGIN_REPORT.md","True"
"C:\ESP\esp32_035_lock_touch_test\docs\phase_reports\CANONICAL_RECURRENCE_INVESTIGATION.md","D:\SmartLock_Documentation_2026-09-28\07_PHASE_REPORTS_COMPLETE\docs\phase_reports\CANONICAL_RECURRENCE_INVESTIGATION.md","True"
"C:\ESP\esp32_035_lock_touch_test\docs\phase_reports\DEFECT_FIX_03_04_05_06_07_08_09_REPORT.md","D:\SmartLock_Documentation_2026-09-28\07_PHASE_REPORTS_COMPLETE\docs\phase_reports\DEFECT_FIX_03_04_05_06_07_08_09_REPORT.md","True"
"C:\ESP\esp32_035_lock_touch_test\docs\phase_reports\ENROLLMENT_EXPIRY_FIX.md","D:\SmartLock_Documentation_2026-09-28\07_PHASE_REPORTS_COMPLETE\docs\phase_reports\ENROLLMENT_EXPIRY_FIX.md","True"
"C:\ESP\esp32_035_lock_touch_test\docs\phase_reports\ENROLLMENT_QR_DISPLAY_FIX.md","D:\SmartLock_Documentation_2026-09-28\07_PHASE_REPORTS_COMPLETE\docs\phase_reports\ENROLLMENT_QR_DISPLAY_FIX.md","True"
"C:\ESP\esp32_035_lock_touch_test\docs\phase_reports\FINAL_FROM_ZERO_ACCEPTANCE_PLAN.md","D:\SmartLock_Documentation_2026-09-28\07_PHASE_REPORTS_COMPLETE\docs\phase_reports\FINAL_FROM_ZERO_ACCEPTANCE_PLAN.md","True"
"C:\ESP\esp32_035_lock_touch_test\docs\phase_reports\FINAL_FROM_ZERO_REPORT.md","D:\SmartLock_Documentation_2026-09-28\07_PHASE_REPORTS_COMPLETE\docs\phase_reports\FINAL_FROM_ZERO_REPORT.md","True"
"C:\ESP\esp32_035_lock_touch_test\docs\phase_reports\FINAL_SMARTLOCK_ACCEPTANCE_2026-09-28.md","D:\SmartLock_Documentation_2026-09-28\07_PHASE_REPORTS_COMPLETE\docs\phase_reports\FINAL_SMARTLOCK_ACCEPTANCE_2026-09-28.md","True"
"C:\ESP\esp32_035_lock_touch_test\docs\phase_reports\GOOGLE_FREE_PHASE_F1_D1_WORKER_REPORT.md","D:\SmartLock_Documentation_2026-09-28\07_PHASE_REPORTS_COMPLETE\docs\phase_reports\GOOGLE_FREE_PHASE_F1_D1_WORKER_REPORT.md","True"
"C:\ESP\esp32_035_lock_touch_test\docs\phase_reports\GOOGLE_PHASE_01_PROTOCOL_BACKEND_REPORT.md","D:\SmartLock_Documentation_2026-09-28\07_PHASE_REPORTS_COMPLETE\docs\phase_reports\GOOGLE_PHASE_01_PROTOCOL_BACKEND_REPORT.md","True"
"C:\ESP\esp32_035_lock_touch_test\docs\phase_reports\GOOGLE_SHEETS_ARCHIVE_CHECKPOINT.md","D:\SmartLock_Documentation_2026-09-28\07_PHASE_REPORTS_COMPLETE\docs\phase_reports\GOOGLE_SHEETS_ARCHIVE_CHECKPOINT.md","True"
"C:\ESP\esp32_035_lock_touch_test\docs\phase_reports\GOOGLE_SHEETS_ARCHIVE_INDEX.md","D:\SmartLock_Documentation_2026-09-28\07_PHASE_REPORTS_COMPLETE\docs\phase_reports\GOOGLE_SHEETS_ARCHIVE_INDEX.md","True"
"C:\ESP\esp32_035_lock_touch_test\docs\phase_reports\GOOGLE_SHEETS_COMPLETE_IMPLEMENTATION_REPORT.md","D:\SmartLock_Documentation_2026-09-28\07_PHASE_REPORTS_COMPLETE\docs\phase_reports\GOOGLE_SHEETS_COMPLETE_IMPLEMENTATION_REPORT.md","True"
"C:\ESP\esp32_035_lock_touch_test\docs\phase_reports\GOOGLE_SHEETS_FINAL_GOOGLE_ACCEPTANCE_REPORT.md","D:\SmartLock_Documentation_2026-09-28\07_PHASE_REPORTS_COMPLETE\docs\phase_reports\GOOGLE_SHEETS_FINAL_GOOGLE_ACCEPTANCE_REPORT.md","True"
"C:\ESP\esp32_035_lock_touch_test\docs\phase_reports\GOOGLE_SHEETS_HARDWARE_DEPLOYMENT_REPORT.md","D:\SmartLock_Documentation_2026-09-28\07_PHASE_REPORTS_COMPLETE\docs\phase_reports\GOOGLE_SHEETS_HARDWARE_DEPLOYMENT_REPORT.md","True"
"C:\ESP\esp32_035_lock_touch_test\docs\phase_reports\GOOGLE_SHEETS_ONE_CLICK_SIMPLIFICATION_REPORT.md","D:\SmartLock_Documentation_2026-09-28\07_PHASE_REPORTS_COMPLETE\docs\phase_reports\GOOGLE_SHEETS_ONE_CLICK_SIMPLIFICATION_REPORT.md","True"
"C:\ESP\esp32_035_lock_touch_test\docs\phase_reports\GOOGLE_SHEETS_REMOVAL_REPORT.md","D:\SmartLock_Documentation_2026-09-28\07_PHASE_REPORTS_COMPLETE\docs\phase_reports\GOOGLE_SHEETS_REMOVAL_REPORT.md","True"
"C:\ESP\esp32_035_lock_touch_test\docs\phase_reports\H1_CANONICAL_HOST_DIAGNOSIS.md","D:\SmartLock_Documentation_2026-09-28\07_PHASE_REPORTS_COMPLETE\docs\phase_reports\H1_CANONICAL_HOST_DIAGNOSIS.md","True"
"C:\ESP\esp32_035_lock_touch_test\docs\phase_reports\LAN_PHONE2_CHECKPOINT.md","D:\SmartLock_Documentation_2026-09-28\07_PHASE_REPORTS_COMPLETE\docs\phase_reports\LAN_PHONE2_CHECKPOINT.md","True"
"C:\ESP\esp32_035_lock_touch_test\docs\phase_reports\LINE_FRIEND_PAGE_REPORT.md","D:\SmartLock_Documentation_2026-09-28\07_PHASE_REPORTS_COMPLETE\docs\phase_reports\LINE_FRIEND_PAGE_REPORT.md","True"
"C:\ESP\esp32_035_lock_touch_test\docs\phase_reports\LINE_NOTIFICATIONS_IMPLEMENTATION_REPORT.md","D:\SmartLock_Documentation_2026-09-28\07_PHASE_REPORTS_COMPLETE\docs\phase_reports\LINE_NOTIFICATIONS_IMPLEMENTATION_REPORT.md","True"
"C:\ESP\esp32_035_lock_touch_test\docs\phase_reports\LINE_OWNER_PROVISIONING_V2_COMPLETE_REPORT.md","D:\SmartLock_Documentation_2026-09-28\07_PHASE_REPORTS_COMPLETE\docs\phase_reports\LINE_OWNER_PROVISIONING_V2_COMPLETE_REPORT.md","True"
"C:\ESP\esp32_035_lock_touch_test\docs\phase_reports\LINE_WEB_ADMIN_DELIVERY_REPORT.md","D:\SmartLock_Documentation_2026-09-28\07_PHASE_REPORTS_COMPLETE\docs\phase_reports\LINE_WEB_ADMIN_DELIVERY_REPORT.md","True"
"C:\ESP\esp32_035_lock_touch_test\docs\phase_reports\LOCAL_CANONICAL_FALLBACK_REPORT.md","D:\SmartLock_Documentation_2026-09-28\07_PHASE_REPORTS_COMPLETE\docs\phase_reports\LOCAL_CANONICAL_FALLBACK_REPORT.md","True"
"C:\ESP\esp32_035_lock_touch_test\docs\phase_reports\MANAGEMENT_RESET_HOLD_FIX.md","D:\SmartLock_Documentation_2026-09-28\07_PHASE_REPORTS_COMPLETE\docs\phase_reports\MANAGEMENT_RESET_HOLD_FIX.md","True"
"C:\ESP\esp32_035_lock_touch_test\docs\phase_reports\MANAGEMENT_TRIM_REPORT.md","D:\SmartLock_Documentation_2026-09-28\07_PHASE_REPORTS_COMPLETE\docs\phase_reports\MANAGEMENT_TRIM_REPORT.md","True"
"C:\ESP\esp32_035_lock_touch_test\docs\phase_reports\PHASE_00_REPORT.md","D:\SmartLock_Documentation_2026-09-28\07_PHASE_REPORTS_COMPLETE\docs\phase_reports\PHASE_00_REPORT.md","True"
"C:\ESP\esp32_035_lock_touch_test\docs\phase_reports\PHASE_01_REPORT.md","D:\SmartLock_Documentation_2026-09-28\07_PHASE_REPORTS_COMPLETE\docs\phase_reports\PHASE_01_REPORT.md","True"
"C:\ESP\esp32_035_lock_touch_test\docs\phase_reports\PHASE_02_REPORT.md","D:\SmartLock_Documentation_2026-09-28\07_PHASE_REPORTS_COMPLETE\docs\phase_reports\PHASE_02_REPORT.md","True"
"C:\ESP\esp32_035_lock_touch_test\docs\phase_reports\PHASE_03_REPORT.md","D:\SmartLock_Documentation_2026-09-28\07_PHASE_REPORTS_COMPLETE\docs\phase_reports\PHASE_03_REPORT.md","True"
"C:\ESP\esp32_035_lock_touch_test\docs\phase_reports\PHASE_04_REPORT.md","D:\SmartLock_Documentation_2026-09-28\07_PHASE_REPORTS_COMPLETE\docs\phase_reports\PHASE_04_REPORT.md","True"
"C:\ESP\esp32_035_lock_touch_test\docs\phase_reports\PHASE_05_REPORT.md","D:\SmartLock_Documentation_2026-09-28\07_PHASE_REPORTS_COMPLETE\docs\phase_reports\PHASE_05_REPORT.md","True"
"C:\ESP\esp32_035_lock_touch_test\docs\phase_reports\PHASE_06A_REPORT.md","D:\SmartLock_Documentation_2026-09-28\07_PHASE_REPORTS_COMPLETE\docs\phase_reports\PHASE_06A_REPORT.md","True"
"C:\ESP\esp32_035_lock_touch_test\docs\phase_reports\PHASE_06_REPORT.md","D:\SmartLock_Documentation_2026-09-28\07_PHASE_REPORTS_COMPLETE\docs\phase_reports\PHASE_06_REPORT.md","True"
"C:\ESP\esp32_035_lock_touch_test\docs\phase_reports\PHASE_07_HANDOFF_CURRENT_REPORT_TH.md","D:\SmartLock_Documentation_2026-09-28\07_PHASE_REPORTS_COMPLETE\docs\phase_reports\PHASE_07_HANDOFF_CURRENT_REPORT_TH.md","True"
"C:\ESP\esp32_035_lock_touch_test\docs\phase_reports\PHASE_07_OWNER_ACCESS_REPORT.md","D:\SmartLock_Documentation_2026-09-28\07_PHASE_REPORTS_COMPLETE\docs\phase_reports\PHASE_07_OWNER_ACCESS_REPORT.md","True"
"C:\ESP\esp32_035_lock_touch_test\docs\phase_reports\PHASE_08_REPORT.md","D:\SmartLock_Documentation_2026-09-28\07_PHASE_REPORTS_COMPLETE\docs\phase_reports\PHASE_08_REPORT.md","True"
"C:\ESP\esp32_035_lock_touch_test\docs\phase_reports\PHASE_09_REPORT.md","D:\SmartLock_Documentation_2026-09-28\07_PHASE_REPORTS_COMPLETE\docs\phase_reports\PHASE_09_REPORT.md","True"
"C:\ESP\esp32_035_lock_touch_test\docs\phase_reports\PHASE_10_REPORT.md","D:\SmartLock_Documentation_2026-09-28\07_PHASE_REPORTS_COMPLETE\docs\phase_reports\PHASE_10_REPORT.md","True"
"C:\ESP\esp32_035_lock_touch_test\docs\phase_reports\PHASE_11_REPORT.md","D:\SmartLock_Documentation_2026-09-28\07_PHASE_REPORTS_COMPLETE\docs\phase_reports\PHASE_11_REPORT.md","True"
"C:\ESP\esp32_035_lock_touch_test\docs\phase_reports\PHASE_12_REPORT.md","D:\SmartLock_Documentation_2026-09-28\07_PHASE_REPORTS_COMPLETE\docs\phase_reports\PHASE_12_REPORT.md","True"
"C:\ESP\esp32_035_lock_touch_test\docs\phase_reports\PHASE_13_REPORT.md","D:\SmartLock_Documentation_2026-09-28\07_PHASE_REPORTS_COMPLETE\docs\phase_reports\PHASE_13_REPORT.md","True"
"C:\ESP\esp32_035_lock_touch_test\docs\phase_reports\PHASE_14_REGRESSION_CHECKLIST.md","D:\SmartLock_Documentation_2026-09-28\07_PHASE_REPORTS_COMPLETE\docs\phase_reports\PHASE_14_REGRESSION_CHECKLIST.md","True"
"C:\ESP\esp32_035_lock_touch_test\docs\phase_reports\PHASE_14_REPORT.md","D:\SmartLock_Documentation_2026-09-28\07_PHASE_REPORTS_COMPLETE\docs\phase_reports\PHASE_14_REPORT.md","True"
"C:\ESP\esp32_035_lock_touch_test\docs\phase_reports\PRODUCT_CLEANUP_REPORT.md","D:\SmartLock_Documentation_2026-09-28\07_PHASE_REPORTS_COMPLETE\docs\phase_reports\PRODUCT_CLEANUP_REPORT.md","True"
"C:\ESP\esp32_035_lock_touch_test\docs\phase_reports\SETUP_SIMPLIFICATION_REPORT.md","D:\SmartLock_Documentation_2026-09-28\07_PHASE_REPORTS_COMPLETE\docs\phase_reports\SETUP_SIMPLIFICATION_REPORT.md","True"
"C:\ESP\esp32_035_lock_touch_test\docs\phase_reports\SINGLE_IDENTITY_MIGRATION_REPORT.md","D:\SmartLock_Documentation_2026-09-28\07_PHASE_REPORTS_COMPLETE\docs\phase_reports\SINGLE_IDENTITY_MIGRATION_REPORT.md","True"
"C:\ESP\esp32_035_lock_touch_test\docs\phase_reports\SOL_C5_C6_DEPLOYMENT_ACCEPTANCE_2026-09-28.md","D:\SmartLock_Documentation_2026-09-28\07_PHASE_REPORTS_COMPLETE\docs\phase_reports\SOL_C5_C6_DEPLOYMENT_ACCEPTANCE_2026-09-28.md","True"
"C:\ESP\esp32_035_lock_touch_test\docs\phase_reports\SOL_LINE_HEAP_DELIVERY_FIX_2026-09-28.md","D:\SmartLock_Documentation_2026-09-28\07_PHASE_REPORTS_COMPLETE\docs\phase_reports\SOL_LINE_HEAP_DELIVERY_FIX_2026-09-28.md","True"
"C:\ESP\esp32_035_lock_touch_test\docs\phase_reports\SOL_LINE_HEAP_MINIMAL_BISECTION_2026-09-28.md","D:\SmartLock_Documentation_2026-09-28\07_PHASE_REPORTS_COMPLETE\docs\phase_reports\SOL_LINE_HEAP_MINIMAL_BISECTION_2026-09-28.md","True"
"C:\ESP\esp32_035_lock_touch_test\docs\phase_reports\SOL_LINE_HEAP_REGION_DIAGNOSTIC_2026-09-28.md","D:\SmartLock_Documentation_2026-09-28\07_PHASE_REPORTS_COMPLETE\docs\phase_reports\SOL_LINE_HEAP_REGION_DIAGNOSTIC_2026-09-28.md","True"
"C:\ESP\esp32_035_lock_touch_test\docs\phase_reports\SOL_POST_ASTRA_REVIEW_2026-09-28.md","D:\SmartLock_Documentation_2026-09-28\07_PHASE_REPORTS_COMPLETE\docs\phase_reports\SOL_POST_ASTRA_REVIEW_2026-09-28.md","True"
"C:\ESP\esp32_035_lock_touch_test\docs\phase_reports\SOL_PRODUCTION_HEAP_REPRODUCTION_2026-09-28.md","D:\SmartLock_Documentation_2026-09-28\07_PHASE_REPORTS_COMPLETE\docs\phase_reports\SOL_PRODUCTION_HEAP_REPRODUCTION_2026-09-28.md","True"
"C:\ESP\esp32_035_lock_touch_test\docs\phase_reports\STALE_ENROLLMENT_REPORT.md","D:\SmartLock_Documentation_2026-09-28\07_PHASE_REPORTS_COMPLETE\docs\phase_reports\STALE_ENROLLMENT_REPORT.md","True"
"C:\ESP\esp32_035_lock_touch_test\docs\phase_reports\THAI_WEB_LOCALIZATION_REPORT.md","D:\SmartLock_Documentation_2026-09-28\07_PHASE_REPORTS_COMPLETE\docs\phase_reports\THAI_WEB_LOCALIZATION_REPORT.md","True"
"C:\ESP\esp32_035_lock_touch_test\docs\phase_reports\TOUCH_UI_FACTORY_RESET_REPORT.md","D:\SmartLock_Documentation_2026-09-28\07_PHASE_REPORTS_COMPLETE\docs\phase_reports\TOUCH_UI_FACTORY_RESET_REPORT.md","True"
"C:\ESP\esp32_035_lock_touch_test\docs\phase_reports\evidence\canonical-current-diag.txt","D:\SmartLock_Documentation_2026-09-28\08_TEST_EVIDENCE_RAW\docs\phase_reports\evidence\canonical-current-diag.txt","True"
"C:\ESP\esp32_035_lock_touch_test\docs\phase_reports\evidence\canonical-pre-diag.txt","D:\SmartLock_Documentation_2026-09-28\08_TEST_EVIDENCE_RAW\docs\phase_reports\evidence\canonical-pre-diag.txt","True"
"C:\ESP\esp32_035_lock_touch_test\docs\phase_reports\evidence\admin_menu_fix\boot.txt","D:\SmartLock_Documentation_2026-09-28\08_TEST_EVIDENCE_RAW\docs\phase_reports\evidence\admin_menu_fix\boot.txt","True"
"C:\ESP\esp32_035_lock_touch_test\docs\phase_reports\evidence\admin_menu_fix\build.json","D:\SmartLock_Documentation_2026-09-28\08_TEST_EVIDENCE_RAW\docs\phase_reports\evidence\admin_menu_fix\build.json","True"
"C:\ESP\esp32_035_lock_touch_test\docs\phase_reports\evidence\admin_menu_fix\flash-verify.txt","D:\SmartLock_Documentation_2026-09-28\08_TEST_EVIDENCE_RAW\docs\phase_reports\evidence\admin_menu_fix\flash-verify.txt","True"
"C:\ESP\esp32_035_lock_touch_test\docs\phase_reports\evidence\admin_pin\boot-auth.txt","D:\SmartLock_Documentation_2026-09-28\08_TEST_EVIDENCE_RAW\docs\phase_reports\evidence\admin_pin\boot-auth.txt","True"
"C:\ESP\esp32_035_lock_touch_test\docs\phase_reports\evidence\admin_pin\build.json","D:\SmartLock_Documentation_2026-09-28\08_TEST_EVIDENCE_RAW\docs\phase_reports\evidence\admin_pin\build.json","True"
"C:\ESP\esp32_035_lock_touch_test\docs\phase_reports\evidence\admin_pin\http.json","D:\SmartLock_Documentation_2026-09-28\08_TEST_EVIDENCE_RAW\docs\phase_reports\evidence\admin_pin\http.json","True"
"C:\ESP\esp32_035_lock_touch_test\docs\phase_reports\evidence\c5_c6_deployment\command-results.txt","D:\SmartLock_Documentation_2026-09-28\08_TEST_EVIDENCE_RAW\docs\phase_reports\evidence\c5_c6_deployment\command-results.txt","True"
"C:\ESP\esp32_035_lock_touch_test\docs\phase_reports\evidence\c5_c6_deployment\deployment.json","D:\SmartLock_Documentation_2026-09-28\08_TEST_EVIDENCE_RAW\docs\phase_reports\evidence\c5_c6_deployment\deployment.json","True"
"C:\ESP\esp32_035_lock_touch_test\docs\phase_reports\evidence\c5_c6_deployment\live-otadata.bin","D:\SmartLock_Documentation_2026-09-28\08_TEST_EVIDENCE_RAW\docs\phase_reports\evidence\c5_c6_deployment\live-otadata.bin","True"
"C:\ESP\esp32_035_lock_touch_test\docs\phase_reports\evidence\c5_c6_deployment\live-partition.bin","D:\SmartLock_Documentation_2026-09-28\08_TEST_EVIDENCE_RAW\docs\phase_reports\evidence\c5_c6_deployment\live-partition.bin","True"
"C:\ESP\esp32_035_lock_touch_test\docs\phase_reports\evidence\c5_c6_deployment\postflash-extended-diagnostic.json","D:\SmartLock_Documentation_2026-09-28\08_TEST_EVIDENCE_RAW\docs\phase_reports\evidence\c5_c6_deployment\postflash-extended-diagnostic.json","True"
"C:\ESP\esp32_035_lock_touch_test\docs\phase_reports\evidence\c5_c6_deployment\state-comparison.json","D:\SmartLock_Documentation_2026-09-28\08_TEST_EVIDENCE_RAW\docs\phase_reports\evidence\c5_c6_deployment\state-comparison.json","True"
"C:\ESP\esp32_035_lock_touch_test\docs\phase_reports\evidence\canonical_recurrence\access-shell-after-boot.json","D:\SmartLock_Documentation_2026-09-28\08_TEST_EVIDENCE_RAW\docs\phase_reports\evidence\canonical_recurrence\access-shell-after-boot.json","True"
"C:\ESP\esp32_035_lock_touch_test\docs\phase_reports\evidence\canonical_recurrence\current-runtime.txt","D:\SmartLock_Documentation_2026-09-28\08_TEST_EVIDENCE_RAW\docs\phase_reports\evidence\canonical_recurrence\current-runtime.txt","True"
"C:\ESP\esp32_035_lock_touch_test\docs\phase_reports\evidence\canonical_recurrence\final-runtime.txt","D:\SmartLock_Documentation_2026-09-28\08_TEST_EVIDENCE_RAW\docs\phase_reports\evidence\canonical_recurrence\final-runtime.txt","True"
"C:\ESP\esp32_035_lock_touch_test\docs\phase_reports\evidence\canonical_recurrence\lan-after-normal-boot.json","D:\SmartLock_Documentation_2026-09-28\08_TEST_EVIDENCE_RAW\docs\phase_reports\evidence\canonical_recurrence\lan-after-normal-boot.json","True"
"C:\ESP\esp32_035_lock_touch_test\docs\phase_reports\evidence\canonical_recurrence\lan-before.json","D:\SmartLock_Documentation_2026-09-28\08_TEST_EVIDENCE_RAW\docs\phase_reports\evidence\canonical_recurrence\lan-before.json","True"
"C:\ESP\esp32_035_lock_touch_test\docs\phase_reports\evidence\canonical_recurrence\lan-environment.json","D:\SmartLock_Documentation_2026-09-28\08_TEST_EVIDENCE_RAW\docs\phase_reports\evidence\canonical_recurrence\lan-environment.json","True"
"C:\ESP\esp32_035_lock_touch_test\docs\phase_reports\evidence\canonical_recurrence\mdns-matrix-python312.json","D:\SmartLock_Documentation_2026-09-28\08_TEST_EVIDENCE_RAW\docs\phase_reports\evidence\canonical_recurrence\mdns-matrix-python312.json","True"
"C:\ESP\esp32_035_lock_touch_test\docs\phase_reports\evidence\canonical_recurrence\mdns-matrix-python314.json","D:\SmartLock_Documentation_2026-09-28\08_TEST_EVIDENCE_RAW\docs\phase_reports\evidence\canonical_recurrence\mdns-matrix-python314.json","True"
"C:\ESP\esp32_035_lock_touch_test\docs\phase_reports\evidence\canonical_recurrence\normal-boot.txt","D:\SmartLock_Documentation_2026-09-28\08_TEST_EVIDENCE_RAW\docs\phase_reports\evidence\canonical_recurrence\normal-boot.txt","True"
"C:\ESP\esp32_035_lock_touch_test\docs\phase_reports\evidence\canonical_recurrence\routes-after-boot.json","D:\SmartLock_Documentation_2026-09-28\08_TEST_EVIDENCE_RAW\docs\phase_reports\evidence\canonical_recurrence\routes-after-boot.json","True"
"C:\ESP\esp32_035_lock_touch_test\docs\phase_reports\evidence\defect_fix_03_09\baseline-config.json","D:\SmartLock_Documentation_2026-09-28\08_TEST_EVIDENCE_RAW\docs\phase_reports\evidence\defect_fix_03_09\baseline-config.json","True"
"C:\ESP\esp32_035_lock_touch_test\docs\phase_reports\evidence\defect_fix_03_09\baseline.txt","D:\SmartLock_Documentation_2026-09-28\08_TEST_EVIDENCE_RAW\docs\phase_reports\evidence\defect_fix_03_09\baseline.txt","True"
"C:\ESP\esp32_035_lock_touch_test\docs\phase_reports\evidence\defect_fix_03_09\build-resources.json","D:\SmartLock_Documentation_2026-09-28\08_TEST_EVIDENCE_RAW\docs\phase_reports\evidence\defect_fix_03_09\build-resources.json","True"
"C:\ESP\esp32_035_lock_touch_test\docs\phase_reports\evidence\defect_fix_03_09\build.txt","D:\SmartLock_Documentation_2026-09-28\08_TEST_EVIDENCE_RAW\docs\phase_reports\evidence\defect_fix_03_09\build.txt","True"
"C:\ESP\esp32_035_lock_touch_test\docs\phase_reports\evidence\defect_fix_03_09\canonical-live.json","D:\SmartLock_Documentation_2026-09-28\08_TEST_EVIDENCE_RAW\docs\phase_reports\evidence\defect_fix_03_09\canonical-live.json","True"
"C:\ESP\esp32_035_lock_touch_test\docs\phase_reports\evidence\defect_fix_03_09\changed-files.txt","D:\SmartLock_Documentation_2026-09-28\08_TEST_EVIDENCE_RAW\docs\phase_reports\evidence\defect_fix_03_09\changed-files.txt","True"
"C:\ESP\esp32_035_lock_touch_test\docs\phase_reports\evidence\defect_fix_03_09\final-live.txt","D:\SmartLock_Documentation_2026-09-28\08_TEST_EVIDENCE_RAW\docs\phase_reports\evidence\defect_fix_03_09\final-live.txt","True"
"C:\ESP\esp32_035_lock_touch_test\docs\phase_reports\evidence\defect_fix_03_09\flash.txt","D:\SmartLock_Documentation_2026-09-28\08_TEST_EVIDENCE_RAW\docs\phase_reports\evidence\defect_fix_03_09\flash.txt","True"
"C:\ESP\esp32_035_lock_touch_test\docs\phase_reports\evidence\defect_fix_03_09\host-regression.json","D:\SmartLock_Documentation_2026-09-28\08_TEST_EVIDENCE_RAW\docs\phase_reports\evidence\defect_fix_03_09\host-regression.json","True"
"C:\ESP\esp32_035_lock_touch_test\docs\phase_reports\evidence\defect_fix_03_09\host-regression.txt","D:\SmartLock_Documentation_2026-09-28\08_TEST_EVIDENCE_RAW\docs\phase_reports\evidence\defect_fix_03_09\host-regression.txt","True"
"C:\ESP\esp32_035_lock_touch_test\docs\phase_reports\evidence\defect_fix_03_09\live-event-validation.json","D:\SmartLock_Documentation_2026-09-28\08_TEST_EVIDENCE_RAW\docs\phase_reports\evidence\defect_fix_03_09\live-event-validation.json","True"
"C:\ESP\esp32_035_lock_touch_test\docs\phase_reports\evidence\defect_fix_03_09\live-http.json","D:\SmartLock_Documentation_2026-09-28\08_TEST_EVIDENCE_RAW\docs\phase_reports\evidence\defect_fix_03_09\live-http.json","True"
"C:\ESP\esp32_035_lock_touch_test\docs\phase_reports\evidence\defect_fix_03_09\persistence-after-http.json","D:\SmartLock_Documentation_2026-09-28\08_TEST_EVIDENCE_RAW\docs\phase_reports\evidence\defect_fix_03_09\persistence-after-http.json","True"
"C:\ESP\esp32_035_lock_touch_test\docs\phase_reports\evidence\defect_fix_03_09\persistence-comparison.json","D:\SmartLock_Documentation_2026-09-28\08_TEST_EVIDENCE_RAW\docs\phase_reports\evidence\defect_fix_03_09\persistence-comparison.json","True"
"C:\ESP\esp32_035_lock_touch_test\docs\phase_reports\evidence\defect_fix_03_09\post-flash-boot.txt","D:\SmartLock_Documentation_2026-09-28\08_TEST_EVIDENCE_RAW\docs\phase_reports\evidence\defect_fix_03_09\post-flash-boot.txt","True"
"C:\ESP\esp32_035_lock_touch_test\docs\phase_reports\evidence\defect_fix_03_09\post-http-live.txt","D:\SmartLock_Documentation_2026-09-28\08_TEST_EVIDENCE_RAW\docs\phase_reports\evidence\defect_fix_03_09\post-http-live.txt","True"
"C:\ESP\esp32_035_lock_touch_test\docs\phase_reports\evidence\defect_fix_03_09\pre-flash-live.txt","D:\SmartLock_Documentation_2026-09-28\08_TEST_EVIDENCE_RAW\docs\phase_reports\evidence\defect_fix_03_09\pre-flash-live.txt","True"
"C:\ESP\esp32_035_lock_touch_test\docs\phase_reports\evidence\defect_fix_03_09\PRE_FLASH_REVIEW.md","D:\SmartLock_Documentation_2026-09-28\08_TEST_EVIDENCE_RAW\docs\phase_reports\evidence\defect_fix_03_09\PRE_FLASH_REVIEW.md","True"
"C:\ESP\esp32_035_lock_touch_test\docs\phase_reports\evidence\defect_fix_03_09\repository-baseline.json","D:\SmartLock_Documentation_2026-09-28\08_TEST_EVIDENCE_RAW\docs\phase_reports\evidence\defect_fix_03_09\repository-baseline.json","True"
"C:\ESP\esp32_035_lock_touch_test\docs\phase_reports\evidence\final_from_zero\after-phone2.txt","D:\SmartLock_Documentation_2026-09-28\08_TEST_EVIDENCE_RAW\docs\phase_reports\evidence\final_from_zero\after-phone2.txt","True"
"C:\ESP\esp32_035_lock_touch_test\docs\phase_reports\evidence\final_from_zero\post-reset-auth.txt","D:\SmartLock_Documentation_2026-09-28\08_TEST_EVIDENCE_RAW\docs\phase_reports\evidence\final_from_zero\post-reset-auth.txt","True"
"C:\ESP\esp32_035_lock_touch_test\docs\phase_reports\evidence\final_from_zero\post-reset-normal-boot.txt","D:\SmartLock_Documentation_2026-09-28\08_TEST_EVIDENCE_RAW\docs\phase_reports\evidence\final_from_zero\post-reset-normal-boot.txt","True"
"C:\ESP\esp32_035_lock_touch_test\docs\phase_reports\evidence\final_from_zero\pre-reset-boot.txt","D:\SmartLock_Documentation_2026-09-28\08_TEST_EVIDENCE_RAW\docs\phase_reports\evidence\final_from_zero\pre-reset-boot.txt","True"
"C:\ESP\esp32_035_lock_touch_test\docs\phase_reports\evidence\google_complete\backend-oauth-build.txt","D:\SmartLock_Documentation_2026-09-28\08_TEST_EVIDENCE_RAW\docs\phase_reports\evidence\google_complete\backend-oauth-build.txt","True"
"C:\ESP\esp32_035_lock_touch_test\docs\phase_reports\evidence\google_complete\backend-production-final.txt","D:\SmartLock_Documentation_2026-09-28\08_TEST_EVIDENCE_RAW\docs\phase_reports\evidence\google_complete\backend-production-final.txt","True"
"C:\ESP\esp32_035_lock_touch_test\docs\phase_reports\evidence\google_complete\backend-production-tests.txt","D:\SmartLock_Documentation_2026-09-28\08_TEST_EVIDENCE_RAW\docs\phase_reports\evidence\google_complete\backend-production-tests.txt","True"
"C:\ESP\esp32_035_lock_touch_test\docs\phase_reports\evidence\google_complete\backend-regression-82-checkpoint.txt","D:\SmartLock_Documentation_2026-09-28\08_TEST_EVIDENCE_RAW\docs\phase_reports\evidence\google_complete\backend-regression-82-checkpoint.txt","True"
"C:\ESP\esp32_035_lock_touch_test\docs\phase_reports\evidence\google_complete\backend-regression-final.txt","D:\SmartLock_Documentation_2026-09-28\08_TEST_EVIDENCE_RAW\docs\phase_reports\evidence\google_complete\backend-regression-final.txt","True"
"C:\ESP\esp32_035_lock_touch_test\docs\phase_reports\evidence\google_complete\backend-regression.txt","D:\SmartLock_Documentation_2026-09-28\08_TEST_EVIDENCE_RAW\docs\phase_reports\evidence\google_complete\backend-regression.txt","True"
"C:\ESP\esp32_035_lock_touch_test\docs\phase_reports\evidence\google_complete\backend-soak-console.txt","D:\SmartLock_Documentation_2026-09-28\08_TEST_EVIDENCE_RAW\docs\phase_reports\evidence\google_complete\backend-soak-console.txt","True"
"C:\ESP\esp32_035_lock_touch_test\docs\phase_reports\evidence\google_complete\backend-soak.json","D:\SmartLock_Documentation_2026-09-28\08_TEST_EVIDENCE_RAW\docs\phase_reports\evidence\google_complete\backend-soak.json","True"
"C:\ESP\esp32_035_lock_touch_test\docs\phase_reports\evidence\google_complete\baseline-metadata.json","D:\SmartLock_Documentation_2026-09-28\08_TEST_EVIDENCE_RAW\docs\phase_reports\evidence\google_complete\baseline-metadata.json","True"
"C:\ESP\esp32_035_lock_touch_test\docs\phase_reports\evidence\google_complete\baseline.txt","D:\SmartLock_Documentation_2026-09-28\08_TEST_EVIDENCE_RAW\docs\phase_reports\evidence\google_complete\baseline.txt","True"
"C:\ESP\esp32_035_lock_touch_test\docs\phase_reports\evidence\google_complete\board-soak-summary.json","D:\SmartLock_Documentation_2026-09-28\08_TEST_EVIDENCE_RAW\docs\phase_reports\evidence\google_complete\board-soak-summary.json","True"
"C:\ESP\esp32_035_lock_touch_test\docs\phase_reports\evidence\google_complete\board-soak.json","D:\SmartLock_Documentation_2026-09-28\08_TEST_EVIDENCE_RAW\docs\phase_reports\evidence\google_complete\board-soak.json","True"
"C:\ESP\esp32_035_lock_touch_test\docs\phase_reports\evidence\google_complete\build-attempt1.txt","D:\SmartLock_Documentation_2026-09-28\08_TEST_EVIDENCE_RAW\docs\phase_reports\evidence\google_complete\build-attempt1.txt","True"
"C:\ESP\esp32_035_lock_touch_test\docs\phase_reports\evidence\google_complete\build-cloud-enabled-final.txt","D:\SmartLock_Documentation_2026-09-28\08_TEST_EVIDENCE_RAW\docs\phase_reports\evidence\google_complete\build-cloud-enabled-final.txt","True"
"C:\ESP\esp32_035_lock_touch_test\docs\phase_reports\evidence\google_complete\build-configured-resource.txt","D:\SmartLock_Documentation_2026-09-28\08_TEST_EVIDENCE_RAW\docs\phase_reports\evidence\google_complete\build-configured-resource.txt","True"
"C:\ESP\esp32_035_lock_touch_test\docs\phase_reports\evidence\google_complete\build-final.txt","D:\SmartLock_Documentation_2026-09-28\08_TEST_EVIDENCE_RAW\docs\phase_reports\evidence\google_complete\build-final.txt","True"
"C:\ESP\esp32_035_lock_touch_test\docs\phase_reports\evidence\google_complete\events-final.txt","D:\SmartLock_Documentation_2026-09-28\08_TEST_EVIDENCE_RAW\docs\phase_reports\evidence\google_complete\events-final.txt","True"
"C:\ESP\esp32_035_lock_touch_test\docs\phase_reports\evidence\google_complete\final-health.json","D:\SmartLock_Documentation_2026-09-28\08_TEST_EVIDENCE_RAW\docs\phase_reports\evidence\google_complete\final-health.json","True"
"C:\ESP\esp32_035_lock_touch_test\docs\phase_reports\evidence\google_complete\final-persistence.json","D:\SmartLock_Documentation_2026-09-28\08_TEST_EVIDENCE_RAW\docs\phase_reports\evidence\google_complete\final-persistence.json","True"
"C:\ESP\esp32_035_lock_touch_test\docs\phase_reports\evidence\google_complete\final-reboot.txt","D:\SmartLock_Documentation_2026-09-28\08_TEST_EVIDENCE_RAW\docs\phase_reports\evidence\google_complete\final-reboot.txt","True"
"C:\ESP\esp32_035_lock_touch_test\docs\phase_reports\evidence\google_complete\host-regression.json","D:\SmartLock_Documentation_2026-09-28\08_TEST_EVIDENCE_RAW\docs\phase_reports\evidence\google_complete\host-regression.json","True"
"C:\ESP\esp32_035_lock_touch_test\docs\phase_reports\evidence\google_complete\host-regression.txt","D:\SmartLock_Documentation_2026-09-28\08_TEST_EVIDENCE_RAW\docs\phase_reports\evidence\google_complete\host-regression.txt","True"
"C:\ESP\esp32_035_lock_touch_test\docs\phase_reports\evidence\google_complete\implementation-commit.txt","D:\SmartLock_Documentation_2026-09-28\08_TEST_EVIDENCE_RAW\docs\phase_reports\evidence\google_complete\implementation-commit.txt","True"
"C:\ESP\esp32_035_lock_touch_test\docs\phase_reports\evidence\google_complete\live-http-first-expectation.json","D:\SmartLock_Documentation_2026-09-28\08_TEST_EVIDENCE_RAW\docs\phase_reports\evidence\google_complete\live-http-first-expectation.json","True"
"C:\ESP\esp32_035_lock_touch_test\docs\phase_reports\evidence\google_complete\live-http-observation.json","D:\SmartLock_Documentation_2026-09-28\08_TEST_EVIDENCE_RAW\docs\phase_reports\evidence\google_complete\live-http-observation.json","True"
"C:\ESP\esp32_035_lock_touch_test\docs\phase_reports\evidence\google_complete\live-http.json","D:\SmartLock_Documentation_2026-09-28\08_TEST_EVIDENCE_RAW\docs\phase_reports\evidence\google_complete\live-http.json","True"
"C:\ESP\esp32_035_lock_touch_test\docs\phase_reports\evidence\google_complete\mdns.json","D:\SmartLock_Documentation_2026-09-28\08_TEST_EVIDENCE_RAW\docs\phase_reports\evidence\google_complete\mdns.json","True"
"C:\ESP\esp32_035_lock_touch_test\docs\phase_reports\evidence\google_complete\persistence-comparison.json","D:\SmartLock_Documentation_2026-09-28\08_TEST_EVIDENCE_RAW\docs\phase_reports\evidence\google_complete\persistence-comparison.json","True"
"C:\ESP\esp32_035_lock_touch_test\docs\phase_reports\evidence\google_complete\postflash.txt","D:\SmartLock_Documentation_2026-09-28\08_TEST_EVIDENCE_RAW\docs\phase_reports\evidence\google_complete\postflash.txt","True"
"C:\ESP\esp32_035_lock_touch_test\docs\phase_reports\evidence\google_complete\preflash.txt","D:\SmartLock_Documentation_2026-09-28\08_TEST_EVIDENCE_RAW\docs\phase_reports\evidence\google_complete\preflash.txt","True"
"C:\ESP\esp32_035_lock_touch_test\docs\phase_reports\evidence\google_complete\sol-review.md","D:\SmartLock_Documentation_2026-09-28\08_TEST_EVIDENCE_RAW\docs\phase_reports\evidence\google_complete\sol-review.md","True"
"C:\ESP\esp32_035_lock_touch_test\docs\phase_reports\evidence\google_complete\starting-status.txt","D:\SmartLock_Documentation_2026-09-28\08_TEST_EVIDENCE_RAW\docs\phase_reports\evidence\google_complete\starting-status.txt","True"
"C:\ESP\esp32_035_lock_touch_test\docs\phase_reports\evidence\google_complete\upload.txt","D:\SmartLock_Documentation_2026-09-28\08_TEST_EVIDENCE_RAW\docs\phase_reports\evidence\google_complete\upload.txt","True"
"C:\ESP\esp32_035_lock_touch_test\docs\phase_reports\evidence\google_free_f1\budget-regression.tap","D:\SmartLock_Documentation_2026-09-28\08_TEST_EVIDENCE_RAW\docs\phase_reports\evidence\google_free_f1\budget-regression.tap","True"
"C:\ESP\esp32_035_lock_touch_test\docs\phase_reports\evidence\google_free_f1\budget.json","D:\SmartLock_Documentation_2026-09-28\08_TEST_EVIDENCE_RAW\docs\phase_reports\evidence\google_free_f1\budget.json","True"
"C:\ESP\esp32_035_lock_touch_test\docs\phase_reports\evidence\google_free_f1\final-regression.tap","D:\SmartLock_Documentation_2026-09-28\08_TEST_EVIDENCE_RAW\docs\phase_reports\evidence\google_free_f1\final-regression.tap","True"
"C:\ESP\esp32_035_lock_touch_test\docs\phase_reports\evidence\google_free_f1\mechanism-budget.json","D:\SmartLock_Documentation_2026-09-28\08_TEST_EVIDENCE_RAW\docs\phase_reports\evidence\google_free_f1\mechanism-budget.json","True"
"C:\ESP\esp32_035_lock_touch_test\docs\phase_reports\evidence\google_h1\build-summary.json","D:\SmartLock_Documentation_2026-09-28\08_TEST_EVIDENCE_RAW\docs\phase_reports\evidence\google_h1\build-summary.json","True"
"C:\ESP\esp32_035_lock_touch_test\docs\phase_reports\evidence\google_h1\build.txt","D:\SmartLock_Documentation_2026-09-28\08_TEST_EVIDENCE_RAW\docs\phase_reports\evidence\google_h1\build.txt","True"
"C:\ESP\esp32_035_lock_touch_test\docs\phase_reports\evidence\google_h1\cloud-monitor.txt","D:\SmartLock_Documentation_2026-09-28\08_TEST_EVIDENCE_RAW\docs\phase_reports\evidence\google_h1\cloud-monitor.txt","True"
"C:\ESP\esp32_035_lock_touch_test\docs\phase_reports\evidence\google_h1\flash.txt","D:\SmartLock_Documentation_2026-09-28\08_TEST_EVIDENCE_RAW\docs\phase_reports\evidence\google_h1\flash.txt","True"
"C:\ESP\esp32_035_lock_touch_test\docs\phase_reports\evidence\google_h1\host-tests.txt","D:\SmartLock_Documentation_2026-09-28\08_TEST_EVIDENCE_RAW\docs\phase_reports\evidence\google_h1\host-tests.txt","True"
"C:\ESP\esp32_035_lock_touch_test\docs\phase_reports\evidence\google_h1\lan-context.txt","D:\SmartLock_Documentation_2026-09-28\08_TEST_EVIDENCE_RAW\docs\phase_reports\evidence\google_h1\lan-context.txt","True"
"C:\ESP\esp32_035_lock_touch_test\docs\phase_reports\evidence\google_h1\lan-soak.txt","D:\SmartLock_Documentation_2026-09-28\08_TEST_EVIDENCE_RAW\docs\phase_reports\evidence\google_h1\lan-soak.txt","True"
"C:\ESP\esp32_035_lock_touch_test\docs\phase_reports\evidence\google_h1\mdns-initial-probe.txt","D:\SmartLock_Documentation_2026-09-28\08_TEST_EVIDENCE_RAW\docs\phase_reports\evidence\google_h1\mdns-initial-probe.txt","True"
"C:\ESP\esp32_035_lock_touch_test\docs\phase_reports\evidence\google_h1\mdns-wire-4s.txt","D:\SmartLock_Documentation_2026-09-28\08_TEST_EVIDENCE_RAW\docs\phase_reports\evidence\google_h1\mdns-wire-4s.txt","True"
"C:\ESP\esp32_035_lock_touch_test\docs\phase_reports\evidence\google_h1\mdns-wire-5353.txt","D:\SmartLock_Documentation_2026-09-28\08_TEST_EVIDENCE_RAW\docs\phase_reports\evidence\google_h1\mdns-wire-5353.txt","True"
"C:\ESP\esp32_035_lock_touch_test\docs\phase_reports\evidence\google_h1\mdns-wire-txid0.txt","D:\SmartLock_Documentation_2026-09-28\08_TEST_EVIDENCE_RAW\docs\phase_reports\evidence\google_h1\mdns-wire-txid0.txt","True"
"C:\ESP\esp32_035_lock_touch_test\docs\phase_reports\evidence\google_h1\mdns-wire.txt","D:\SmartLock_Documentation_2026-09-28\08_TEST_EVIDENCE_RAW\docs\phase_reports\evidence\google_h1\mdns-wire.txt","True"
"C:\ESP\esp32_035_lock_touch_test\docs\phase_reports\evidence\google_h1\partition-live.bin","D:\SmartLock_Documentation_2026-09-28\08_TEST_EVIDENCE_RAW\docs\phase_reports\evidence\google_h1\partition-live.bin","True"
"C:\ESP\esp32_035_lock_touch_test\docs\phase_reports\evidence\google_h1\persistence-comparison.json","D:\SmartLock_Documentation_2026-09-28\08_TEST_EVIDENCE_RAW\docs\phase_reports\evidence\google_h1\persistence-comparison.json","True"
"C:\ESP\esp32_035_lock_touch_test\docs\phase_reports\evidence\google_h1\post-flash-boot.txt","D:\SmartLock_Documentation_2026-09-28\08_TEST_EVIDENCE_RAW\docs\phase_reports\evidence\google_h1\post-flash-boot.txt","True"
"C:\ESP\esp32_035_lock_touch_test\docs\phase_reports\evidence\google_h1\pre-flash.txt","D:\SmartLock_Documentation_2026-09-28\08_TEST_EVIDENCE_RAW\docs\phase_reports\evidence\google_h1\pre-flash.txt","True"
"C:\ESP\esp32_035_lock_touch_test\docs\phase_reports\evidence\google_h1\sol-release-review.md","D:\SmartLock_Documentation_2026-09-28\08_TEST_EVIDENCE_RAW\docs\phase_reports\evidence\google_h1\sol-release-review.md","True"
"C:\ESP\esp32_035_lock_touch_test\docs\phase_reports\evidence\google_one_click\build-default.txt","D:\SmartLock_Documentation_2026-09-28\08_TEST_EVIDENCE_RAW\docs\phase_reports\evidence\google_one_click\build-default.txt","True"
"C:\ESP\esp32_035_lock_touch_test\docs\phase_reports\evidence\google_one_click\build-resource.txt","D:\SmartLock_Documentation_2026-09-28\08_TEST_EVIDENCE_RAW\docs\phase_reports\evidence\google_one_click\build-resource.txt","True"
"C:\ESP\esp32_035_lock_touch_test\docs\phase_reports\evidence\google_one_click\cleanup.json","D:\SmartLock_Documentation_2026-09-28\08_TEST_EVIDENCE_RAW\docs\phase_reports\evidence\google_one_click\cleanup.json","True"
"C:\ESP\esp32_035_lock_touch_test\docs\phase_reports\evidence\google_one_click\final-gap-management-connected.png","D:\SmartLock_Documentation_2026-09-28\08_TEST_EVIDENCE_RAW\docs\phase_reports\evidence\google_one_click\final-gap-management-connected.png","True"
"C:\ESP\esp32_035_lock_touch_test\docs\phase_reports\evidence\google_one_click\final-gap-recovered-single-row.png","D:\SmartLock_Documentation_2026-09-28\08_TEST_EVIDENCE_RAW\docs\phase_reports\evidence\google_one_click\final-gap-recovered-single-row.png","True"
"C:\ESP\esp32_035_lock_touch_test\docs\phase_reports\evidence\google_one_click\final-gap-recovery-receipt.txt","D:\SmartLock_Documentation_2026-09-28\08_TEST_EVIDENCE_RAW\docs\phase_reports\evidence\google_one_click\final-gap-recovery-receipt.txt","True"
"C:\ESP\esp32_035_lock_touch_test\docs\phase_reports\evidence\google_one_click\local-regression.json","D:\SmartLock_Documentation_2026-09-28\08_TEST_EVIDENCE_RAW\docs\phase_reports\evidence\google_one_click\local-regression.json","True"
"C:\ESP\esp32_035_lock_touch_test\docs\phase_reports\evidence\google_one_click\publisher-setup-20260927.md","D:\SmartLock_Documentation_2026-09-28\08_TEST_EVIDENCE_RAW\docs\phase_reports\evidence\google_one_click\publisher-setup-20260927.md","True"
"C:\ESP\esp32_035_lock_touch_test\docs\phase_reports\evidence\google_one_click\receiver-host.txt","D:\SmartLock_Documentation_2026-09-28\08_TEST_EVIDENCE_RAW\docs\phase_reports\evidence\google_one_click\receiver-host.txt","True"
"C:\ESP\esp32_035_lock_touch_test\docs\phase_reports\evidence\google_one_click\sol-external-checks.json","D:\SmartLock_Documentation_2026-09-28\08_TEST_EVIDENCE_RAW\docs\phase_reports\evidence\google_one_click\sol-external-checks.json","True"
"C:\ESP\esp32_035_lock_touch_test\docs\phase_reports\evidence\google_phase_01\summary.json","D:\SmartLock_Documentation_2026-09-28\08_TEST_EVIDENCE_RAW\docs\phase_reports\evidence\google_phase_01\summary.json","True"
"C:\ESP\esp32_035_lock_touch_test\docs\phase_reports\evidence\google_phase_01\tests.txt","D:\SmartLock_Documentation_2026-09-28\08_TEST_EVIDENCE_RAW\docs\phase_reports\evidence\google_phase_01\tests.txt","True"
"C:\ESP\esp32_035_lock_touch_test\docs\phase_reports\evidence\google_removal\build-audit.json","D:\SmartLock_Documentation_2026-09-28\08_TEST_EVIDENCE_RAW\docs\phase_reports\evidence\google_removal\build-audit.json","True"
"C:\ESP\esp32_035_lock_touch_test\docs\phase_reports\evidence\google_removal\legacy-harness-baseline.json","D:\SmartLock_Documentation_2026-09-28\08_TEST_EVIDENCE_RAW\docs\phase_reports\evidence\google_removal\legacy-harness-baseline.json","True"
"C:\ESP\esp32_035_lock_touch_test\docs\phase_reports\evidence\google_removal\management-browser.json","D:\SmartLock_Documentation_2026-09-28\08_TEST_EVIDENCE_RAW\docs\phase_reports\evidence\google_removal\management-browser.json","True"
"C:\ESP\esp32_035_lock_touch_test\docs\phase_reports\evidence\google_removal\protected-source.json","D:\SmartLock_Documentation_2026-09-28\08_TEST_EVIDENCE_RAW\docs\phase_reports\evidence\google_removal\protected-source.json","True"
"C:\ESP\esp32_035_lock_touch_test\docs\phase_reports\evidence\google_removal\regression.json","D:\SmartLock_Documentation_2026-09-28\08_TEST_EVIDENCE_RAW\docs\phase_reports\evidence\google_removal\regression.json","True"
"C:\ESP\esp32_035_lock_touch_test\docs\phase_reports\evidence\google_removal\regression.txt","D:\SmartLock_Documentation_2026-09-28\08_TEST_EVIDENCE_RAW\docs\phase_reports\evidence\google_removal\regression.txt","True"
"C:\ESP\esp32_035_lock_touch_test\docs\phase_reports\evidence\google_removal\source-audit.json","D:\SmartLock_Documentation_2026-09-28\08_TEST_EVIDENCE_RAW\docs\phase_reports\evidence\google_removal\source-audit.json","True"
"C:\ESP\esp32_035_lock_touch_test\docs\phase_reports\evidence\google_removal\worker-platformio-build.txt","D:\SmartLock_Documentation_2026-09-28\08_TEST_EVIDENCE_RAW\docs\phase_reports\evidence\google_removal\worker-platformio-build.txt","True"
"C:\ESP\esp32_035_lock_touch_test\docs\phase_reports\evidence\heap_diagnostic_2026_09_28\build_review.txt","D:\SmartLock_Documentation_2026-09-28\08_TEST_EVIDENCE_RAW\docs\phase_reports\evidence\heap_diagnostic_2026_09_28\build_review.txt","True"
"C:\ESP\esp32_035_lock_touch_test\docs\phase_reports\evidence\heap_diagnostic_2026_09_28\diagnostic_firmware.bin","D:\SmartLock_Documentation_2026-09-28\08_TEST_EVIDENCE_RAW\docs\phase_reports\evidence\heap_diagnostic_2026_09_28\diagnostic_firmware.bin","True"
"C:\ESP\esp32_035_lock_touch_test\docs\phase_reports\evidence\heap_diagnostic_2026_09_28\diagnostic_source.patch","D:\SmartLock_Documentation_2026-09-28\08_TEST_EVIDENCE_RAW\docs\phase_reports\evidence\heap_diagnostic_2026_09_28\diagnostic_source.patch","True"
"C:\ESP\esp32_035_lock_touch_test\docs\phase_reports\evidence\heap_diagnostic_2026_09_28\flash_verify_summary.txt","D:\SmartLock_Documentation_2026-09-28\08_TEST_EVIDENCE_RAW\docs\phase_reports\evidence\heap_diagnostic_2026_09_28\flash_verify_summary.txt","True"
"C:\ESP\esp32_035_lock_touch_test\docs\phase_reports\evidence\heap_diagnostic_2026_09_28\production_firmware_before_diag.bin","D:\SmartLock_Documentation_2026-09-28\08_TEST_EVIDENCE_RAW\docs\phase_reports\evidence\heap_diagnostic_2026_09_28\production_firmware_before_diag.bin","True"
"C:\ESP\esp32_035_lock_touch_test\docs\phase_reports\evidence\heap_diagnostic_2026_09_28\production_restore_capture.txt","D:\SmartLock_Documentation_2026-09-28\08_TEST_EVIDENCE_RAW\docs\phase_reports\evidence\heap_diagnostic_2026_09_28\production_restore_capture.txt","True"
"C:\ESP\esp32_035_lock_touch_test\docs\phase_reports\evidence\heap_diagnostic_2026_09_28\production_restore_later_status.txt","D:\SmartLock_Documentation_2026-09-28\08_TEST_EVIDENCE_RAW\docs\phase_reports\evidence\heap_diagnostic_2026_09_28\production_restore_later_status.txt","True"
"C:\ESP\esp32_035_lock_touch_test\docs\phase_reports\evidence\heap_diagnostic_2026_09_28\serial_diag_capture.txt","D:\SmartLock_Documentation_2026-09-28\08_TEST_EVIDENCE_RAW\docs\phase_reports\evidence\heap_diagnostic_2026_09_28\serial_diag_capture.txt","True"
"C:\ESP\esp32_035_lock_touch_test\docs\phase_reports\evidence\heap_diagnostic_2026_09_28\serial_diag_capture_corrective.txt","D:\SmartLock_Documentation_2026-09-28\08_TEST_EVIDENCE_RAW\docs\phase_reports\evidence\heap_diagnostic_2026_09_28\serial_diag_capture_corrective.txt","True"
"C:\ESP\esp32_035_lock_touch_test\docs\phase_reports\evidence\heap_diagnostic_2026_09_28\source\HeapDiagnostics.cpp","D:\SmartLock_Documentation_2026-09-28\08_TEST_EVIDENCE_RAW\docs\phase_reports\evidence\heap_diagnostic_2026_09_28\source\HeapDiagnostics.cpp","True"
"C:\ESP\esp32_035_lock_touch_test\docs\phase_reports\evidence\heap_diagnostic_2026_09_28\source\HeapDiagnostics.h","D:\SmartLock_Documentation_2026-09-28\08_TEST_EVIDENCE_RAW\docs\phase_reports\evidence\heap_diagnostic_2026_09_28\source\HeapDiagnostics.h","True"
"C:\ESP\esp32_035_lock_touch_test\docs\phase_reports\evidence\heap_diagnostic_orphan\HeapTrace.cpp","D:\SmartLock_Documentation_2026-09-28\08_TEST_EVIDENCE_RAW\docs\phase_reports\evidence\heap_diagnostic_orphan\HeapTrace.cpp","True"
"C:\ESP\esp32_035_lock_touch_test\docs\phase_reports\evidence\heap_diagnostic_orphan\HeapTrace.h","D:\SmartLock_Documentation_2026-09-28\08_TEST_EVIDENCE_RAW\docs\phase_reports\evidence\heap_diagnostic_orphan\HeapTrace.h","True"
"C:\ESP\esp32_035_lock_touch_test\docs\phase_reports\evidence\heap_minimal_bisection_2026_09_28\capture_closeout_system_only.py","D:\SmartLock_Documentation_2026-09-28\08_TEST_EVIDENCE_RAW\docs\phase_reports\evidence\heap_minimal_bisection_2026_09_28\capture_closeout_system_only.py","True"
"C:\ESP\esp32_035_lock_touch_test\docs\phase_reports\evidence\heap_minimal_bisection_2026_09_28\capture_current_provenance.py","D:\SmartLock_Documentation_2026-09-28\08_TEST_EVIDENCE_RAW\docs\phase_reports\evidence\heap_minimal_bisection_2026_09_28\capture_current_provenance.py","True"
"C:\ESP\esp32_035_lock_touch_test\docs\phase_reports\evidence\heap_minimal_bisection_2026_09_28\capture_minimal_probe.py","D:\SmartLock_Documentation_2026-09-28\08_TEST_EVIDENCE_RAW\docs\phase_reports\evidence\heap_minimal_bisection_2026_09_28\capture_minimal_probe.py","True"
"C:\ESP\esp32_035_lock_touch_test\docs\phase_reports\evidence\heap_minimal_bisection_2026_09_28\capture_production_late_status.py","D:\SmartLock_Documentation_2026-09-28\08_TEST_EVIDENCE_RAW\docs\phase_reports\evidence\heap_minimal_bisection_2026_09_28\capture_production_late_status.py","True"
"C:\ESP\esp32_035_lock_touch_test\docs\phase_reports\evidence\heap_minimal_bisection_2026_09_28\capture_production_restore.py","D:\SmartLock_Documentation_2026-09-28\08_TEST_EVIDENCE_RAW\docs\phase_reports\evidence\heap_minimal_bisection_2026_09_28\capture_production_restore.py","True"
"C:\ESP\esp32_035_lock_touch_test\docs\phase_reports\evidence\heap_minimal_bisection_2026_09_28\closeout_latest_diagsystem.txt","D:\SmartLock_Documentation_2026-09-28\08_TEST_EVIDENCE_RAW\docs\phase_reports\evidence\heap_minimal_bisection_2026_09_28\closeout_latest_diagsystem.txt","True"
"C:\ESP\esp32_035_lock_touch_test\docs\phase_reports\evidence\heap_minimal_bisection_2026_09_28\current_provenance_capture.txt","D:\SmartLock_Documentation_2026-09-28\08_TEST_EVIDENCE_RAW\docs\phase_reports\evidence\heap_minimal_bisection_2026_09_28\current_provenance_capture.txt","True"
"C:\ESP\esp32_035_lock_touch_test\docs\phase_reports\evidence\heap_minimal_bisection_2026_09_28\diagnostic_flash_verify_commands.txt","D:\SmartLock_Documentation_2026-09-28\08_TEST_EVIDENCE_RAW\docs\phase_reports\evidence\heap_minimal_bisection_2026_09_28\diagnostic_flash_verify_commands.txt","True"
"C:\ESP\esp32_035_lock_touch_test\docs\phase_reports\evidence\heap_minimal_bisection_2026_09_28\diagnostic_minimal_firmware.bin","D:\SmartLock_Documentation_2026-09-28\08_TEST_EVIDENCE_RAW\docs\phase_reports\evidence\heap_minimal_bisection_2026_09_28\diagnostic_minimal_firmware.bin","True"
"C:\ESP\esp32_035_lock_touch_test\docs\phase_reports\evidence\heap_minimal_bisection_2026_09_28\diagnostic_minimal_map_sections.txt","D:\SmartLock_Documentation_2026-09-28\08_TEST_EVIDENCE_RAW\docs\phase_reports\evidence\heap_minimal_bisection_2026_09_28\diagnostic_minimal_map_sections.txt","True"
"C:\ESP\esp32_035_lock_touch_test\docs\phase_reports\evidence\heap_minimal_bisection_2026_09_28\diagnostic_minimal_source.patch","D:\SmartLock_Documentation_2026-09-28\08_TEST_EVIDENCE_RAW\docs\phase_reports\evidence\heap_minimal_bisection_2026_09_28\diagnostic_minimal_source.patch","True"
"C:\ESP\esp32_035_lock_touch_test\docs\phase_reports\evidence\heap_minimal_bisection_2026_09_28\final_release_live_status.txt","D:\SmartLock_Documentation_2026-09-28\08_TEST_EVIDENCE_RAW\docs\phase_reports\evidence\heap_minimal_bisection_2026_09_28\final_release_live_status.txt","True"
"C:\ESP\esp32_035_lock_touch_test\docs\phase_reports\evidence\heap_minimal_bisection_2026_09_28\minimal_stable_idle_capture.txt","D:\SmartLock_Documentation_2026-09-28\08_TEST_EVIDENCE_RAW\docs\phase_reports\evidence\heap_minimal_bisection_2026_09_28\minimal_stable_idle_capture.txt","True"
"C:\ESP\esp32_035_lock_touch_test\docs\phase_reports\evidence\heap_minimal_bisection_2026_09_28\production_restore_commands.txt","D:\SmartLock_Documentation_2026-09-28\08_TEST_EVIDENCE_RAW\docs\phase_reports\evidence\heap_minimal_bisection_2026_09_28\production_restore_commands.txt","True"
"C:\ESP\esp32_035_lock_touch_test\docs\phase_reports\evidence\heap_minimal_bisection_2026_09_28\production_restore_late_status.txt","D:\SmartLock_Documentation_2026-09-28\08_TEST_EVIDENCE_RAW\docs\phase_reports\evidence\heap_minimal_bisection_2026_09_28\production_restore_late_status.txt","True"
"C:\ESP\esp32_035_lock_touch_test\docs\phase_reports\evidence\heap_minimal_bisection_2026_09_28\production_restore_live_capture.txt","D:\SmartLock_Documentation_2026-09-28\08_TEST_EVIDENCE_RAW\docs\phase_reports\evidence\heap_minimal_bisection_2026_09_28\production_restore_live_capture.txt","True"
"C:\ESP\esp32_035_lock_touch_test\docs\phase_reports\evidence\heap_minimal_bisection_2026_09_28\production_restore_summary.txt","D:\SmartLock_Documentation_2026-09-28\08_TEST_EVIDENCE_RAW\docs\phase_reports\evidence\heap_minimal_bisection_2026_09_28\production_restore_summary.txt","True"
"C:\ESP\esp32_035_lock_touch_test\docs\phase_reports\evidence\line_friend_page\live-assets.json","D:\SmartLock_Documentation_2026-09-28\08_TEST_EVIDENCE_RAW\docs\phase_reports\evidence\line_friend_page\live-assets.json","True"
"C:\ESP\esp32_035_lock_touch_test\docs\phase_reports\evidence\line_friend_page\management-browser.json","D:\SmartLock_Documentation_2026-09-28\08_TEST_EVIDENCE_RAW\docs\phase_reports\evidence\line_friend_page\management-browser.json","True"
"C:\ESP\esp32_035_lock_touch_test\docs\phase_reports\evidence\line_friend_page\mobile-friend-page.png","D:\SmartLock_Documentation_2026-09-28\08_TEST_EVIDENCE_RAW\docs\phase_reports\evidence\line_friend_page\mobile-friend-page.png","True"
"C:\ESP\esp32_035_lock_touch_test\docs\phase_reports\evidence\line_friend_page\nvs-preservation.json","D:\SmartLock_Documentation_2026-09-28\08_TEST_EVIDENCE_RAW\docs\phase_reports\evidence\line_friend_page\nvs-preservation.json","True"
"C:\ESP\esp32_035_lock_touch_test\docs\phase_reports\evidence\line_friend_page\post-flash.txt","D:\SmartLock_Documentation_2026-09-28\08_TEST_EVIDENCE_RAW\docs\phase_reports\evidence\line_friend_page\post-flash.txt","True"
"C:\ESP\esp32_035_lock_touch_test\docs\phase_reports\evidence\line_friend_page\pre-flash.txt","D:\SmartLock_Documentation_2026-09-28\08_TEST_EVIDENCE_RAW\docs\phase_reports\evidence\line_friend_page\pre-flash.txt","True"
"C:\ESP\esp32_035_lock_touch_test\docs\phase_reports\evidence\line_heap_2026_09_28\health_get_ap_transition.json","D:\SmartLock_Documentation_2026-09-28\08_TEST_EVIDENCE_RAW\docs\phase_reports\evidence\line_heap_2026_09_28\health_get_ap_transition.json","True"
"C:\ESP\esp32_035_lock_touch_test\docs\phase_reports\evidence\line_heap_2026_09_28\health_get_ap_transition_direct_sta.json","D:\SmartLock_Documentation_2026-09-28\08_TEST_EVIDENCE_RAW\docs\phase_reports\evidence\line_heap_2026_09_28\health_get_ap_transition_direct_sta.json","True"
"C:\ESP\esp32_035_lock_touch_test\docs\phase_reports\evidence\line_heap_2026_09_28\idle_samples.json","D:\SmartLock_Documentation_2026-09-28\08_TEST_EVIDENCE_RAW\docs\phase_reports\evidence\line_heap_2026_09_28\idle_samples.json","True"
"C:\ESP\esp32_035_lock_touch_test\docs\phase_reports\evidence\line_heap_2026_09_28\page_gets_and_post_idle_samples.json","D:\SmartLock_Documentation_2026-09-28\08_TEST_EVIDENCE_RAW\docs\phase_reports\evidence\line_heap_2026_09_28\page_gets_and_post_idle_samples.json","True"
"C:\ESP\esp32_035_lock_touch_test\docs\phase_reports\evidence\line_heap_2026_09_28\PASSIVE_HEAP_BASELINE_2026-09-28.md","D:\SmartLock_Documentation_2026-09-28\08_TEST_EVIDENCE_RAW\docs\phase_reports\evidence\line_heap_2026_09_28\PASSIVE_HEAP_BASELINE_2026-09-28.md","True"
"C:\ESP\esp32_035_lock_touch_test\docs\phase_reports\evidence\line_v1\build.txt","D:\SmartLock_Documentation_2026-09-28\08_TEST_EVIDENCE_RAW\docs\phase_reports\evidence\line_v1\build.txt","True"
"C:\ESP\esp32_035_lock_touch_test\docs\phase_reports\evidence\line_v1\final-state.txt","D:\SmartLock_Documentation_2026-09-28\08_TEST_EVIDENCE_RAW\docs\phase_reports\evidence\line_v1\final-state.txt","True"
"C:\ESP\esp32_035_lock_touch_test\docs\phase_reports\evidence\line_v1\flash.txt","D:\SmartLock_Documentation_2026-09-28\08_TEST_EVIDENCE_RAW\docs\phase_reports\evidence\line_v1\flash.txt","True"
"C:\ESP\esp32_035_lock_touch_test\docs\phase_reports\evidence\line_v1\line-host-tests.txt","D:\SmartLock_Documentation_2026-09-28\08_TEST_EVIDENCE_RAW\docs\phase_reports\evidence\line_v1\line-host-tests.txt","True"
"C:\ESP\esp32_035_lock_touch_test\docs\phase_reports\evidence\line_v1\live-http.json","D:\SmartLock_Documentation_2026-09-28\08_TEST_EVIDENCE_RAW\docs\phase_reports\evidence\line_v1\live-http.json","True"
"C:\ESP\esp32_035_lock_touch_test\docs\phase_reports\evidence\line_v1\management-browser.json","D:\SmartLock_Documentation_2026-09-28\08_TEST_EVIDENCE_RAW\docs\phase_reports\evidence\line_v1\management-browser.json","True"
"C:\ESP\esp32_035_lock_touch_test\docs\phase_reports\evidence\line_v1\nvs-preservation.json","D:\SmartLock_Documentation_2026-09-28\08_TEST_EVIDENCE_RAW\docs\phase_reports\evidence\line_v1\nvs-preservation.json","True"
"C:\ESP\esp32_035_lock_touch_test\docs\phase_reports\evidence\line_v1\nvs-read.txt","D:\SmartLock_Documentation_2026-09-28\08_TEST_EVIDENCE_RAW\docs\phase_reports\evidence\line_v1\nvs-read.txt","True"
"C:\ESP\esp32_035_lock_touch_test\docs\phase_reports\evidence\line_v1\otadata-live.bin","D:\SmartLock_Documentation_2026-09-28\08_TEST_EVIDENCE_RAW\docs\phase_reports\evidence\line_v1\otadata-live.bin","True"
"C:\ESP\esp32_035_lock_touch_test\docs\phase_reports\evidence\line_v1\partition-live.bin","D:\SmartLock_Documentation_2026-09-28\08_TEST_EVIDENCE_RAW\docs\phase_reports\evidence\line_v1\partition-live.bin","True"
"C:\ESP\esp32_035_lock_touch_test\docs\phase_reports\evidence\line_v1\post-flash.txt","D:\SmartLock_Documentation_2026-09-28\08_TEST_EVIDENCE_RAW\docs\phase_reports\evidence\line_v1\post-flash.txt","True"
"C:\ESP\esp32_035_lock_touch_test\docs\phase_reports\evidence\line_v1\pre-flash.txt","D:\SmartLock_Documentation_2026-09-28\08_TEST_EVIDENCE_RAW\docs\phase_reports\evidence\line_v1\pre-flash.txt","True"
"C:\ESP\esp32_035_lock_touch_test\docs\phase_reports\evidence\line_v1\regression.json","D:\SmartLock_Documentation_2026-09-28\08_TEST_EVIDENCE_RAW\docs\phase_reports\evidence\line_v1\regression.json","True"
"C:\ESP\esp32_035_lock_touch_test\docs\phase_reports\evidence\line_v1\regression.txt","D:\SmartLock_Documentation_2026-09-28\08_TEST_EVIDENCE_RAW\docs\phase_reports\evidence\line_v1\regression.txt","True"
"C:\ESP\esp32_035_lock_touch_test\docs\phase_reports\evidence\line_v1\source-review.json","D:\SmartLock_Documentation_2026-09-28\08_TEST_EVIDENCE_RAW\docs\phase_reports\evidence\line_v1\source-review.json","True"
"C:\ESP\esp32_035_lock_touch_test\docs\phase_reports\evidence\line_v1\tls-root.json","D:\SmartLock_Documentation_2026-09-28\08_TEST_EVIDENCE_RAW\docs\phase_reports\evidence\line_v1\tls-root.json","True"
"C:\ESP\esp32_035_lock_touch_test\docs\phase_reports\evidence\line_v2\build.txt","D:\SmartLock_Documentation_2026-09-28\08_TEST_EVIDENCE_RAW\docs\phase_reports\evidence\line_v2\build.txt","True"
"C:\ESP\esp32_035_lock_touch_test\docs\phase_reports\evidence\line_v2\core-tests.txt","D:\SmartLock_Documentation_2026-09-28\08_TEST_EVIDENCE_RAW\docs\phase_reports\evidence\line_v2\core-tests.txt","True"
"C:\ESP\esp32_035_lock_touch_test\docs\phase_reports\evidence\line_v2\final-state.txt","D:\SmartLock_Documentation_2026-09-28\08_TEST_EVIDENCE_RAW\docs\phase_reports\evidence\line_v2\final-state.txt","True"
"C:\ESP\esp32_035_lock_touch_test\docs\phase_reports\evidence\line_v2\flash.txt","D:\SmartLock_Documentation_2026-09-28\08_TEST_EVIDENCE_RAW\docs\phase_reports\evidence\line_v2\flash.txt","True"
"C:\ESP\esp32_035_lock_touch_test\docs\phase_reports\evidence\line_v2\live-http.json","D:\SmartLock_Documentation_2026-09-28\08_TEST_EVIDENCE_RAW\docs\phase_reports\evidence\line_v2\live-http.json","True"
"C:\ESP\esp32_035_lock_touch_test\docs\phase_reports\evidence\line_v2\management-browser.json","D:\SmartLock_Documentation_2026-09-28\08_TEST_EVIDENCE_RAW\docs\phase_reports\evidence\line_v2\management-browser.json","True"
"C:\ESP\esp32_035_lock_touch_test\docs\phase_reports\evidence\line_v2\nvs-preservation.json","D:\SmartLock_Documentation_2026-09-28\08_TEST_EVIDENCE_RAW\docs\phase_reports\evidence\line_v2\nvs-preservation.json","True"
"C:\ESP\esp32_035_lock_touch_test\docs\phase_reports\evidence\line_v2\nvs-read-after.txt","D:\SmartLock_Documentation_2026-09-28\08_TEST_EVIDENCE_RAW\docs\phase_reports\evidence\line_v2\nvs-read-after.txt","True"
"C:\ESP\esp32_035_lock_touch_test\docs\phase_reports\evidence\line_v2\nvs-read-before.txt","D:\SmartLock_Documentation_2026-09-28\08_TEST_EVIDENCE_RAW\docs\phase_reports\evidence\line_v2\nvs-read-before.txt","True"
"C:\ESP\esp32_035_lock_touch_test\docs\phase_reports\evidence\line_v2\post-flash.txt","D:\SmartLock_Documentation_2026-09-28\08_TEST_EVIDENCE_RAW\docs\phase_reports\evidence\line_v2\post-flash.txt","True"
"C:\ESP\esp32_035_lock_touch_test\docs\phase_reports\evidence\line_v2\pre-flash.txt","D:\SmartLock_Documentation_2026-09-28\08_TEST_EVIDENCE_RAW\docs\phase_reports\evidence\line_v2\pre-flash.txt","True"
"C:\ESP\esp32_035_lock_touch_test\docs\phase_reports\evidence\line_v2\regression.json","D:\SmartLock_Documentation_2026-09-28\08_TEST_EVIDENCE_RAW\docs\phase_reports\evidence\line_v2\regression.json","True"
"C:\ESP\esp32_035_lock_touch_test\docs\phase_reports\evidence\line_v2\regression.txt","D:\SmartLock_Documentation_2026-09-28\08_TEST_EVIDENCE_RAW\docs\phase_reports\evidence\line_v2\regression.txt","True"
"C:\ESP\esp32_035_lock_touch_test\docs\phase_reports\evidence\line_v2\source-review.json","D:\SmartLock_Documentation_2026-09-28\08_TEST_EVIDENCE_RAW\docs\phase_reports\evidence\line_v2\source-review.json","True"
"C:\ESP\esp32_035_lock_touch_test\docs\phase_reports\evidence\line_v2_physical\admin-preview.png","D:\SmartLock_Documentation_2026-09-28\08_TEST_EVIDENCE_RAW\docs\phase_reports\evidence\line_v2_physical\admin-preview.png","True"
"C:\ESP\esp32_035_lock_touch_test\docs\phase_reports\evidence\line_v2_physical\build.txt","D:\SmartLock_Documentation_2026-09-28\08_TEST_EVIDENCE_RAW\docs\phase_reports\evidence\line_v2_physical\build.txt","True"
"C:\ESP\esp32_035_lock_touch_test\docs\phase_reports\evidence\line_v2_physical\core-tests.txt","D:\SmartLock_Documentation_2026-09-28\08_TEST_EVIDENCE_RAW\docs\phase_reports\evidence\line_v2_physical\core-tests.txt","True"
"C:\ESP\esp32_035_lock_touch_test\docs\phase_reports\evidence\line_v2_physical\deployment.json","D:\SmartLock_Documentation_2026-09-28\08_TEST_EVIDENCE_RAW\docs\phase_reports\evidence\line_v2_physical\deployment.json","True"
"C:\ESP\esp32_035_lock_touch_test\docs\phase_reports\evidence\line_v2_physical\final-locked.txt","D:\SmartLock_Documentation_2026-09-28\08_TEST_EVIDENCE_RAW\docs\phase_reports\evidence\line_v2_physical\final-locked.txt","True"
"C:\ESP\esp32_035_lock_touch_test\docs\phase_reports\evidence\line_v2_physical\host-tests.txt","D:\SmartLock_Documentation_2026-09-28\08_TEST_EVIDENCE_RAW\docs\phase_reports\evidence\line_v2_physical\host-tests.txt","True"
"C:\ESP\esp32_035_lock_touch_test\docs\phase_reports\evidence\line_v2_physical\line-tls-stack-fix.txt","D:\SmartLock_Documentation_2026-09-28\08_TEST_EVIDENCE_RAW\docs\phase_reports\evidence\line_v2_physical\line-tls-stack-fix.txt","True"
"C:\ESP\esp32_035_lock_touch_test\docs\phase_reports\evidence\line_v2_physical\live-http.json","D:\SmartLock_Documentation_2026-09-28\08_TEST_EVIDENCE_RAW\docs\phase_reports\evidence\line_v2_physical\live-http.json","True"
"C:\ESP\esp32_035_lock_touch_test\docs\phase_reports\evidence\line_v2_physical\local-session-check.json","D:\SmartLock_Documentation_2026-09-28\08_TEST_EVIDENCE_RAW\docs\phase_reports\evidence\line_v2_physical\local-session-check.json","True"
"C:\ESP\esp32_035_lock_touch_test\docs\phase_reports\evidence\line_v2_physical\management-browser.json","D:\SmartLock_Documentation_2026-09-28\08_TEST_EVIDENCE_RAW\docs\phase_reports\evidence\line_v2_physical\management-browser.json","True"
"C:\ESP\esp32_035_lock_touch_test\docs\phase_reports\evidence\line_v2_physical\nvs-preservation.json","D:\SmartLock_Documentation_2026-09-28\08_TEST_EVIDENCE_RAW\docs\phase_reports\evidence\line_v2_physical\nvs-preservation.json","True"
"C:\ESP\esp32_035_lock_touch_test\docs\phase_reports\evidence\line_v2_physical\nvs-read-before.txt","D:\SmartLock_Documentation_2026-09-28\08_TEST_EVIDENCE_RAW\docs\phase_reports\evidence\line_v2_physical\nvs-read-before.txt","True"
"C:\ESP\esp32_035_lock_touch_test\docs\phase_reports\evidence\line_v2_physical\post-flash.txt","D:\SmartLock_Documentation_2026-09-28\08_TEST_EVIDENCE_RAW\docs\phase_reports\evidence\line_v2_physical\post-flash.txt","True"
"C:\ESP\esp32_035_lock_touch_test\docs\phase_reports\evidence\line_v2_physical\pre-flash.txt","D:\SmartLock_Documentation_2026-09-28\08_TEST_EVIDENCE_RAW\docs\phase_reports\evidence\line_v2_physical\pre-flash.txt","True"
"C:\ESP\esp32_035_lock_touch_test\docs\phase_reports\evidence\line_v2_physical\preservation-regression.json","D:\SmartLock_Documentation_2026-09-28\08_TEST_EVIDENCE_RAW\docs\phase_reports\evidence\line_v2_physical\preservation-regression.json","True"
"C:\ESP\esp32_035_lock_touch_test\docs\phase_reports\evidence\line_v2_physical\preservation-regression.txt","D:\SmartLock_Documentation_2026-09-28\08_TEST_EVIDENCE_RAW\docs\phase_reports\evidence\line_v2_physical\preservation-regression.txt","True"
"C:\ESP\esp32_035_lock_touch_test\docs\phase_reports\evidence\line_v2_physical\real-line-provisioning.txt","D:\SmartLock_Documentation_2026-09-28\08_TEST_EVIDENCE_RAW\docs\phase_reports\evidence\line_v2_physical\real-line-provisioning.txt","True"
"C:\ESP\esp32_035_lock_touch_test\docs\phase_reports\evidence\line_v2_physical\real-line-test.txt","D:\SmartLock_Documentation_2026-09-28\08_TEST_EVIDENCE_RAW\docs\phase_reports\evidence\line_v2_physical\real-line-test.txt","True"
"C:\ESP\esp32_035_lock_touch_test\docs\phase_reports\evidence\line_v2_physical\usb-tests.txt","D:\SmartLock_Documentation_2026-09-28\08_TEST_EVIDENCE_RAW\docs\phase_reports\evidence\line_v2_physical\usb-tests.txt","True"
"C:\ESP\esp32_035_lock_touch_test\docs\phase_reports\evidence\line_web_admin\live-http.json","D:\SmartLock_Documentation_2026-09-28\08_TEST_EVIDENCE_RAW\docs\phase_reports\evidence\line_web_admin\live-http.json","True"
"C:\ESP\esp32_035_lock_touch_test\docs\phase_reports\evidence\line_web_admin\management-browser.json","D:\SmartLock_Documentation_2026-09-28\08_TEST_EVIDENCE_RAW\docs\phase_reports\evidence\line_web_admin\management-browser.json","True"
"C:\ESP\esp32_035_lock_touch_test\docs\phase_reports\evidence\line_web_admin\mobile-friend-page.png","D:\SmartLock_Documentation_2026-09-28\08_TEST_EVIDENCE_RAW\docs\phase_reports\evidence\line_web_admin\mobile-friend-page.png","True"
"C:\ESP\esp32_035_lock_touch_test\docs\phase_reports\evidence\line_web_admin\nvs-preservation.json","D:\SmartLock_Documentation_2026-09-28\08_TEST_EVIDENCE_RAW\docs\phase_reports\evidence\line_web_admin\nvs-preservation.json","True"
"C:\ESP\esp32_035_lock_touch_test\docs\phase_reports\evidence\line_web_admin\post-auth.txt","D:\SmartLock_Documentation_2026-09-28\08_TEST_EVIDENCE_RAW\docs\phase_reports\evidence\line_web_admin\post-auth.txt","True"
"C:\ESP\esp32_035_lock_touch_test\docs\phase_reports\evidence\line_web_admin\post-flash.txt","D:\SmartLock_Documentation_2026-09-28\08_TEST_EVIDENCE_RAW\docs\phase_reports\evidence\line_web_admin\post-flash.txt","True"
"C:\ESP\esp32_035_lock_touch_test\docs\phase_reports\evidence\line_web_admin\pre-flash.txt","D:\SmartLock_Documentation_2026-09-28\08_TEST_EVIDENCE_RAW\docs\phase_reports\evidence\line_web_admin\pre-flash.txt","True"
"C:\ESP\esp32_035_lock_touch_test\docs\phase_reports\evidence\local_fallback\attempt1-dns-after.json","D:\SmartLock_Documentation_2026-09-28\08_TEST_EVIDENCE_RAW\docs\phase_reports\evidence\local_fallback\attempt1-dns-after.json","True"
"C:\ESP\esp32_035_lock_touch_test\docs\phase_reports\evidence\local_fallback\attempt1-lan-health-after.json","D:\SmartLock_Documentation_2026-09-28\08_TEST_EVIDENCE_RAW\docs\phase_reports\evidence\local_fallback\attempt1-lan-health-after.json","True"
"C:\ESP\esp32_035_lock_touch_test\docs\phase_reports\evidence\local_fallback\attempt1-post-flash.txt","D:\SmartLock_Documentation_2026-09-28\08_TEST_EVIDENCE_RAW\docs\phase_reports\evidence\local_fallback\attempt1-post-flash.txt","True"
"C:\ESP\esp32_035_lock_touch_test\docs\phase_reports\evidence\local_fallback\attempt1-post-soak.txt","D:\SmartLock_Documentation_2026-09-28\08_TEST_EVIDENCE_RAW\docs\phase_reports\evidence\local_fallback\attempt1-post-soak.txt","True"
"C:\ESP\esp32_035_lock_touch_test\docs\phase_reports\evidence\local_fallback\build.json","D:\SmartLock_Documentation_2026-09-28\08_TEST_EVIDENCE_RAW\docs\phase_reports\evidence\local_fallback\build.json","True"
"C:\ESP\esp32_035_lock_touch_test\docs\phase_reports\evidence\local_fallback\dns-after.json","D:\SmartLock_Documentation_2026-09-28\08_TEST_EVIDENCE_RAW\docs\phase_reports\evidence\local_fallback\dns-after.json","True"
"C:\ESP\esp32_035_lock_touch_test\docs\phase_reports\evidence\local_fallback\lan-health-after.json","D:\SmartLock_Documentation_2026-09-28\08_TEST_EVIDENCE_RAW\docs\phase_reports\evidence\local_fallback\lan-health-after.json","True"
"C:\ESP\esp32_035_lock_touch_test\docs\phase_reports\evidence\local_fallback\lan-health-before.json","D:\SmartLock_Documentation_2026-09-28\08_TEST_EVIDENCE_RAW\docs\phase_reports\evidence\local_fallback\lan-health-before.json","True"
"C:\ESP\esp32_035_lock_touch_test\docs\phase_reports\evidence\local_fallback\lan-health-stable.json","D:\SmartLock_Documentation_2026-09-28\08_TEST_EVIDENCE_RAW\docs\phase_reports\evidence\local_fallback\lan-health-stable.json","True"
"C:\ESP\esp32_035_lock_touch_test\docs\phase_reports\evidence\local_fallback\layout-preview.png","D:\SmartLock_Documentation_2026-09-28\08_TEST_EVIDENCE_RAW\docs\phase_reports\evidence\local_fallback\layout-preview.png","True"
"C:\ESP\esp32_035_lock_touch_test\docs\phase_reports\evidence\local_fallback\mobile-origin.json","D:\SmartLock_Documentation_2026-09-28\08_TEST_EVIDENCE_RAW\docs\phase_reports\evidence\local_fallback\mobile-origin.json","True"
"C:\ESP\esp32_035_lock_touch_test\docs\phase_reports\evidence\local_fallback\nvs-preservation.json","D:\SmartLock_Documentation_2026-09-28\08_TEST_EVIDENCE_RAW\docs\phase_reports\evidence\local_fallback\nvs-preservation.json","True"
"C:\ESP\esp32_035_lock_touch_test\docs\phase_reports\evidence\local_fallback\post-flash.txt","D:\SmartLock_Documentation_2026-09-28\08_TEST_EVIDENCE_RAW\docs\phase_reports\evidence\local_fallback\post-flash.txt","True"
"C:\ESP\esp32_035_lock_touch_test\docs\phase_reports\evidence\local_fallback\post-reboot-system.txt","D:\SmartLock_Documentation_2026-09-28\08_TEST_EVIDENCE_RAW\docs\phase_reports\evidence\local_fallback\post-reboot-system.txt","True"
"C:\ESP\esp32_035_lock_touch_test\docs\phase_reports\evidence\local_fallback\pre-flash.txt","D:\SmartLock_Documentation_2026-09-28\08_TEST_EVIDENCE_RAW\docs\phase_reports\evidence\local_fallback\pre-flash.txt","True"
"C:\ESP\esp32_035_lock_touch_test\docs\phase_reports\evidence\management_trim\after.txt","D:\SmartLock_Documentation_2026-09-28\08_TEST_EVIDENCE_RAW\docs\phase_reports\evidence\management_trim\after.txt","True"
"C:\ESP\esp32_035_lock_touch_test\docs\phase_reports\evidence\management_trim\before.txt","D:\SmartLock_Documentation_2026-09-28\08_TEST_EVIDENCE_RAW\docs\phase_reports\evidence\management_trim\before.txt","True"
"C:\ESP\esp32_035_lock_touch_test\docs\phase_reports\evidence\management_trim\build.json","D:\SmartLock_Documentation_2026-09-28\08_TEST_EVIDENCE_RAW\docs\phase_reports\evidence\management_trim\build.json","True"
"C:\ESP\esp32_035_lock_touch_test\docs\phase_reports\evidence\phase13\baseline-auth.txt","D:\SmartLock_Documentation_2026-09-28\08_TEST_EVIDENCE_RAW\docs\phase_reports\evidence\phase13\baseline-auth.txt","True"
"C:\ESP\esp32_035_lock_touch_test\docs\phase_reports\evidence\phase13\build-manifest.json","D:\SmartLock_Documentation_2026-09-28\08_TEST_EVIDENCE_RAW\docs\phase_reports\evidence\phase13\build-manifest.json","True"
"C:\ESP\esp32_035_lock_touch_test\docs\phase_reports\evidence\phase13\com6-flash.txt","D:\SmartLock_Documentation_2026-09-28\08_TEST_EVIDENCE_RAW\docs\phase_reports\evidence\phase13\com6-flash.txt","True"
"C:\ESP\esp32_035_lock_touch_test\docs\phase_reports\evidence\phase13\final-boot-crypto-auth.txt","D:\SmartLock_Documentation_2026-09-28\08_TEST_EVIDENCE_RAW\docs\phase_reports\evidence\phase13\final-boot-crypto-auth.txt","True"
"C:\ESP\esp32_035_lock_touch_test\docs\phase_reports\evidence\phase13\final-build.txt","D:\SmartLock_Documentation_2026-09-28\08_TEST_EVIDENCE_RAW\docs\phase_reports\evidence\phase13\final-build.txt","True"
"C:\ESP\esp32_035_lock_touch_test\docs\phase_reports\evidence\phase13\final-com6-flash.txt","D:\SmartLock_Documentation_2026-09-28\08_TEST_EVIDENCE_RAW\docs\phase_reports\evidence\phase13\final-com6-flash.txt","True"
"C:\ESP\esp32_035_lock_touch_test\docs\phase_reports\evidence\phase13\first-boot.txt","D:\SmartLock_Documentation_2026-09-28\08_TEST_EVIDENCE_RAW\docs\phase_reports\evidence\phase13\first-boot.txt","True"
"C:\ESP\esp32_035_lock_touch_test\docs\phase_reports\evidence\phase13\full-build.txt","D:\SmartLock_Documentation_2026-09-28\08_TEST_EVIDENCE_RAW\docs\phase_reports\evidence\phase13\full-build.txt","True"
"C:\ESP\esp32_035_lock_touch_test\docs\phase_reports\evidence\phase13\live-http-negative.txt","D:\SmartLock_Documentation_2026-09-28\08_TEST_EVIDENCE_RAW\docs\phase_reports\evidence\phase13\live-http-negative.txt","True"
"C:\ESP\esp32_035_lock_touch_test\docs\phase_reports\evidence\phase13\post-http-auth.txt","D:\SmartLock_Documentation_2026-09-28\08_TEST_EVIDENCE_RAW\docs\phase_reports\evidence\phase13\post-http-auth.txt","True"
"C:\ESP\esp32_035_lock_touch_test\docs\phase_reports\evidence\phase13\production-otadata.bin","D:\SmartLock_Documentation_2026-09-28\08_TEST_EVIDENCE_RAW\docs\phase_reports\evidence\phase13\production-otadata.bin","True"
"C:\ESP\esp32_035_lock_touch_test\docs\phase_reports\evidence\phase13\production-partitions.bin","D:\SmartLock_Documentation_2026-09-28\08_TEST_EVIDENCE_RAW\docs\phase_reports\evidence\phase13\production-partitions.bin","True"
"C:\ESP\esp32_035_lock_touch_test\docs\phase_reports\evidence\phase13\windows-health.json","D:\SmartLock_Documentation_2026-09-28\08_TEST_EVIDENCE_RAW\docs\phase_reports\evidence\phase13\windows-health.json","True"
"C:\ESP\esp32_035_lock_touch_test\docs\phase_reports\evidence\product_cleanup\after-boot.txt","D:\SmartLock_Documentation_2026-09-28\08_TEST_EVIDENCE_RAW\docs\phase_reports\evidence\product_cleanup\after-boot.txt","True"
"C:\ESP\esp32_035_lock_touch_test\docs\phase_reports\evidence\product_cleanup\before-boot.txt","D:\SmartLock_Documentation_2026-09-28\08_TEST_EVIDENCE_RAW\docs\phase_reports\evidence\product_cleanup\before-boot.txt","True"
"C:\ESP\esp32_035_lock_touch_test\docs\phase_reports\evidence\product_cleanup\build.json","D:\SmartLock_Documentation_2026-09-28\08_TEST_EVIDENCE_RAW\docs\phase_reports\evidence\product_cleanup\build.json","True"
"C:\ESP\esp32_035_lock_touch_test\docs\phase_reports\evidence\product_cleanup\http.json","D:\SmartLock_Documentation_2026-09-28\08_TEST_EVIDENCE_RAW\docs\phase_reports\evidence\product_cleanup\http.json","True"
"C:\ESP\esp32_035_lock_touch_test\docs\phase_reports\evidence\setup_simplification\boot.txt","D:\SmartLock_Documentation_2026-09-28\08_TEST_EVIDENCE_RAW\docs\phase_reports\evidence\setup_simplification\boot.txt","True"
"C:\ESP\esp32_035_lock_touch_test\docs\phase_reports\evidence\setup_simplification\build.json","D:\SmartLock_Documentation_2026-09-28\08_TEST_EVIDENCE_RAW\docs\phase_reports\evidence\setup_simplification\build.json","True"
"C:\ESP\esp32_035_lock_touch_test\docs\phase_reports\evidence\stale_enrollment\after.txt","D:\SmartLock_Documentation_2026-09-28\08_TEST_EVIDENCE_RAW\docs\phase_reports\evidence\stale_enrollment\after.txt","True"
"C:\ESP\esp32_035_lock_touch_test\docs\phase_reports\evidence\stale_enrollment\before.txt","D:\SmartLock_Documentation_2026-09-28\08_TEST_EVIDENCE_RAW\docs\phase_reports\evidence\stale_enrollment\before.txt","True"
"C:\ESP\esp32_035_lock_touch_test\docs\phase_reports\evidence\stale_enrollment\build.json","D:\SmartLock_Documentation_2026-09-28\08_TEST_EVIDENCE_RAW\docs\phase_reports\evidence\stale_enrollment\build.json","True"
"C:\ESP\esp32_035_lock_touch_test\docs\phase_reports\evidence\stale_enrollment\http.json","D:\SmartLock_Documentation_2026-09-28\08_TEST_EVIDENCE_RAW\docs\phase_reports\evidence\stale_enrollment\http.json","True"
"C:\ESP\esp32_035_lock_touch_test\scripts\audit_serial_probe.py","D:\SmartLock_Documentation_2026-09-28\12_MISC_REFERENCE\project_support\scripts\audit_serial_probe.py","True"
"C:\ESP\esp32_035_lock_touch_test\scripts\canonical_ap_probe.py","D:\SmartLock_Documentation_2026-09-28\12_MISC_REFERENCE\project_support\scripts\canonical_ap_probe.py","True"
"C:\ESP\esp32_035_lock_touch_test\scripts\canonical_lan_probe.py","D:\SmartLock_Documentation_2026-09-28\12_MISC_REFERENCE\project_support\scripts\canonical_lan_probe.py","True"
"C:\ESP\esp32_035_lock_touch_test\scripts\canonical_layer_probe.py","D:\SmartLock_Documentation_2026-09-28\12_MISC_REFERENCE\project_support\scripts\canonical_layer_probe.py","True"
"C:\ESP\esp32_035_lock_touch_test\scripts\canonical_mdns_matrix.py","D:\SmartLock_Documentation_2026-09-28\12_MISC_REFERENCE\project_support\scripts\canonical_mdns_matrix.py","True"
"C:\ESP\esp32_035_lock_touch_test\scripts\canonical_runtime_probe.py","D:\SmartLock_Documentation_2026-09-28\12_MISC_REFERENCE\project_support\scripts\canonical_runtime_probe.py","True"
"C:\ESP\esp32_035_lock_touch_test\scripts\compare_private_nvs.py","D:\SmartLock_Documentation_2026-09-28\12_MISC_REFERENCE\project_support\scripts\compare_private_nvs.py","True"
"C:\ESP\esp32_035_lock_touch_test\scripts\defect_fix_readonly_probe.py","D:\SmartLock_Documentation_2026-09-28\12_MISC_REFERENCE\project_support\scripts\defect_fix_readonly_probe.py","True"
"C:\ESP\esp32_035_lock_touch_test\scripts\defect_fix_serial_evidence.py","D:\SmartLock_Documentation_2026-09-28\12_MISC_REFERENCE\project_support\scripts\defect_fix_serial_evidence.py","True"
"C:\ESP\esp32_035_lock_touch_test\scripts\identity_serial_inspect.py","D:\SmartLock_Documentation_2026-09-28\12_MISC_REFERENCE\project_support\scripts\identity_serial_inspect.py","True"
"C:\ESP\esp32_035_lock_touch_test\scripts\lan_phone2_preflight.py","D:\SmartLock_Documentation_2026-09-28\12_MISC_REFERENCE\project_support\scripts\lan_phone2_preflight.py","True"
"C:\ESP\esp32_035_lock_touch_test\scripts\phase13_backup_diagnostic.py","D:\SmartLock_Documentation_2026-09-28\12_MISC_REFERENCE\project_support\scripts\phase13_backup_diagnostic.py","True"
"C:\ESP\esp32_035_lock_touch_test\scripts\phase4_network_test.ps1","D:\SmartLock_Documentation_2026-09-28\12_MISC_REFERENCE\project_support\scripts\phase4_network_test.ps1","True"
"C:\ESP\esp32_035_lock_touch_test\scripts\phase5_preflight_test.ps1","D:\SmartLock_Documentation_2026-09-28\12_MISC_REFERENCE\project_support\scripts\phase5_preflight_test.ps1","True"
"C:\ESP\esp32_035_lock_touch_test\scripts\phase5_wizard_smoke.js","D:\SmartLock_Documentation_2026-09-28\12_MISC_REFERENCE\project_support\scripts\phase5_wizard_smoke.js","True"
"C:\ESP\esp32_035_lock_touch_test\scripts\phase6a_lan_probe.py","D:\SmartLock_Documentation_2026-09-28\12_MISC_REFERENCE\project_support\scripts\phase6a_lan_probe.py","True"
"C:\ESP\esp32_035_lock_touch_test\scripts\phase6_asset_syntax.js","D:\SmartLock_Documentation_2026-09-28\12_MISC_REFERENCE\project_support\scripts\phase6_asset_syntax.js","True"
"C:\ESP\esp32_035_lock_touch_test\scripts\phase6_serial_check.py","D:\SmartLock_Documentation_2026-09-28\12_MISC_REFERENCE\project_support\scripts\phase6_serial_check.py","True"
"C:\ESP\esp32_035_lock_touch_test\scripts\phase7_preflight.py","D:\SmartLock_Documentation_2026-09-28\12_MISC_REFERENCE\project_support\scripts\phase7_preflight.py","True"
"C:\ESP\esp32_035_lock_touch_test\scripts\phase8_runtime_check.py","D:\SmartLock_Documentation_2026-09-28\12_MISC_REFERENCE\project_support\scripts\phase8_runtime_check.py","True"
"C:\ESP\esp32_035_lock_touch_test\scripts\thai_ui_audit.py","D:\SmartLock_Documentation_2026-09-28\12_MISC_REFERENCE\project_support\scripts\thai_ui_audit.py","True"
"C:\ESP\esp32_035_lock_touch_test\scripts\thai_ui_preview.py","D:\SmartLock_Documentation_2026-09-28\12_MISC_REFERENCE\project_support\scripts\thai_ui_preview.py","True"
"C:\ESP\esp32_035_lock_touch_test\scripts\__pycache__\canonical_ap_probe.cpython-314.pyc","D:\SmartLock_Documentation_2026-09-28\12_MISC_REFERENCE\project_support\scripts\__pycache__\canonical_ap_probe.cpython-314.pyc","True"
"C:\ESP\esp32_035_lock_touch_test\scripts\__pycache__\canonical_layer_probe.cpython-312.pyc","D:\SmartLock_Documentation_2026-09-28\12_MISC_REFERENCE\project_support\scripts\__pycache__\canonical_layer_probe.cpython-312.pyc","True"
"C:\ESP\esp32_035_lock_touch_test\scripts\__pycache__\canonical_layer_probe.cpython-314.pyc","D:\SmartLock_Documentation_2026-09-28\12_MISC_REFERENCE\project_support\scripts\__pycache__\canonical_layer_probe.cpython-314.pyc","True"
"C:\ESP\esp32_035_lock_touch_test\scripts\__pycache__\phase8_runtime_check.cpython-314.pyc","D:\SmartLock_Documentation_2026-09-28\12_MISC_REFERENCE\project_support\scripts\__pycache__\phase8_runtime_check.cpython-314.pyc","True"
"C:\ESP\esp32_035_lock_touch_test\scripts\__pycache__\thai_ui_audit.cpython-314.pyc","D:\SmartLock_Documentation_2026-09-28\12_MISC_REFERENCE\project_support\scripts\__pycache__\thai_ui_audit.cpython-314.pyc","True"
"C:\ESP\esp32_035_lock_touch_test\scripts\__pycache__\thai_ui_preview.cpython-314.pyc","D:\SmartLock_Documentation_2026-09-28\12_MISC_REFERENCE\project_support\scripts\__pycache__\thai_ui_preview.cpython-314.pyc","True"
"C:\ESP\esp32_035_lock_touch_test\tools\gen_admin_bitmaps.py","D:\SmartLock_Documentation_2026-09-28\12_MISC_REFERENCE\project_support\tools\gen_admin_bitmaps.py","True"
"C:\ESP\esp32_035_lock_touch_test\tools\gen_local_fallback_bitmaps.py","D:\SmartLock_Documentation_2026-09-28\12_MISC_REFERENCE\project_support\tools\gen_local_fallback_bitmaps.py","True"
"C:\ESP\esp32_035_lock_touch_test\tools\gen_thai_reset_bitmaps.py","D:\SmartLock_Documentation_2026-09-28\12_MISC_REFERENCE\project_support\tools\gen_thai_reset_bitmaps.py","True"
"C:\ESP\esp32_035_lock_touch_test\tools\canonical_recurrence\capture_mdns_admin.ps1","D:\SmartLock_Documentation_2026-09-28\12_MISC_REFERENCE\project_support\tools\canonical_recurrence\capture_mdns_admin.ps1","True"
"C:\ESP\esp32_035_lock_touch_test\tools\__pycache__\gen_local_fallback_bitmaps.cpython-314.pyc","D:\SmartLock_Documentation_2026-09-28\12_MISC_REFERENCE\project_support\tools\__pycache__\gen_local_fallback_bitmaps.cpython-314.pyc","True"
"C:\ESP\esp32_035_lock_touch_test\tools\__pycache__\gen_thai_reset_bitmaps.cpython-314.pyc","D:\SmartLock_Documentation_2026-09-28\12_MISC_REFERENCE\project_support\tools\__pycache__\gen_thai_reset_bitmaps.cpython-314.pyc","True"
"C:\ESP\esp32_035_lock_touch_test\reset_tool\platformio.ini","D:\SmartLock_Documentation_2026-09-28\12_MISC_REFERENCE\project_support\reset_tool\platformio.ini","True"
"C:\ESP\esp32_035_lock_touch_test\reset_tool\src\main.cpp","D:\SmartLock_Documentation_2026-09-28\12_MISC_REFERENCE\project_support\reset_tool\src\main.cpp","True"
"C:\ESP\esp32_035_lock_touch_test\README.md","D:\SmartLock_Documentation_2026-09-28\12_MISC_REFERENCE\project_root\README.md","True"
"C:\ESP\esp32_035_lock_touch_test\monitor_once.py","D:\SmartLock_Documentation_2026-09-28\12_MISC_REFERENCE\project_root\monitor_once.py","True"
"C:\ESP\esp32_035_lock_touch_test\platformio.ini","D:\SmartLock_Documentation_2026-09-28\12_MISC_REFERENCE\project_root\platformio.ini","True"
"C:\ESP\esp32_035_lock_touch_test\.gitignore","D:\SmartLock_Documentation_2026-09-28\12_MISC_REFERENCE\project_root\.gitignore","True"
"C:\ESP\esp32_035_lock_touch_test\docs\phase_reports\evidence\google_one_click\final-gap-management-connected.png","D:\SmartLock_Documentation_2026-09-28\11_IMAGES_AND_SCREENSHOTS\docs\phase_reports\evidence\google_one_click\final-gap-management-connected.png","True"
"C:\ESP\esp32_035_lock_touch_test\docs\phase_reports\evidence\google_one_click\final-gap-recovered-single-row.png","D:\SmartLock_Documentation_2026-09-28\11_IMAGES_AND_SCREENSHOTS\docs\phase_reports\evidence\google_one_click\final-gap-recovered-single-row.png","True"
"C:\ESP\esp32_035_lock_touch_test\docs\phase_reports\evidence\line_friend_page\mobile-friend-page.png","D:\SmartLock_Documentation_2026-09-28\11_IMAGES_AND_SCREENSHOTS\docs\phase_reports\evidence\line_friend_page\mobile-friend-page.png","True"
"C:\ESP\esp32_035_lock_touch_test\docs\phase_reports\evidence\line_v2_physical\admin-preview.png","D:\SmartLock_Documentation_2026-09-28\11_IMAGES_AND_SCREENSHOTS\docs\phase_reports\evidence\line_v2_physical\admin-preview.png","True"
"C:\ESP\esp32_035_lock_touch_test\docs\phase_reports\evidence\line_web_admin\mobile-friend-page.png","D:\SmartLock_Documentation_2026-09-28\11_IMAGES_AND_SCREENSHOTS\docs\phase_reports\evidence\line_web_admin\mobile-friend-page.png","True"
"C:\ESP\esp32_035_lock_touch_test\docs\phase_reports\evidence\local_fallback\layout-preview.png","D:\SmartLock_Documentation_2026-09-28\11_IMAGES_AND_SCREENSHOTS\docs\phase_reports\evidence\local_fallback\layout-preview.png","True"
"C:\ESP\esp32_035_lock_touch_test\docs\phase_reports\evidence\heap_diagnostic_2026_09_28\production_firmware_before_diag.bin","D:\SmartLock_Documentation_2026-09-28\09_GIT_AND_RELEASE_HISTORY\accepted_firmware\firmware.bin","True"
