"Path","Bytes","SHA256","Category"
"00_PROJECT_INDEX\ARCHIVE_GATE_STATUS.md","2588","AEE4164CB856D6E9EABC7D53F46E16C3E2CAABC16512A3E23A5EBFFA7EE86A20","00_PROJECT_INDEX"
"00_PROJECT_INDEX\COPY_HASH_VERIFICATION.csv","83998","0F7E8DCDEA3ED8927E702289234220CC57C769C4ECB9D907B96AE0758EE89B25","00_PROJECT_INDEX"
"00_PROJECT_INDEX\PRE_CLEANUP_INVENTORY.csv","948424","FF3FA0B3C53CFABD2D52B13A7576347DFE57B312DFF87D7C6411C61686BEA7E3","00_PROJECT_INDEX"
"00_PROJECT_INDEX\SOL_PROJECT_CLEANUP_AND_DOCUMENTATION_ARCHIVE_2026-09-28.md","2415","549758AA79C6118CCBF395A98AC1233E923E76D0B1D76161EF3FA9409EB505B7","00_PROJECT_INDEX"
"01_CHAPTER_1_INTRODUCTION\CHAPTER_1_SOURCE_INDEX.md","1285","126CF6B34EC4BCA0C3049A6BB44459281DCA4EE175A0BEA8DEE8FCD4C891BD63","01_CHAPTER_1_INTRODUCTION"
"02_CHAPTER_2_THEORY_AND_RELATED_WORK\CHAPTER_2_SOURCE_INDEX.md","4310","D648036604E1990F649B0CCF042F426D893FCB2AAADD142324F13279540EB3ED","02_CHAPTER_2_THEORY_AND_RELATED_WORK"
"03_CHAPTER_3_SYSTEM_DESIGN_AND_DEVELOPMENT\CHAPTER_3_SOURCE_INDEX.md","4418","960AE6D82ABEC2282B920F9F8F82BF13C5BD8307DAFA254CEC42534616D1DD4D","03_CHAPTER_3_SYSTEM_DESIGN_AND_DEVELOPMENT"
"04_CHAPTER_4_IMPLEMENTATION_AND_TEST_RESULTS\CHAPTER_4_SOURCE_INDEX.md","1172","4AC5A952023399A780C1DAD045860678D5352AE5AC78213B40AF6DCFB7686E6A","04_CHAPTER_4_IMPLEMENTATION_AND_TEST_RESULTS"
"04_CHAPTER_4_IMPLEMENTATION_AND_TEST_RESULTS\FINAL_TEST_MATRIX.md","4084","40B847B06BA9EED6B8C1A69B58ED94F2A974540B922E93353F4FD4F84F2399B4","04_CHAPTER_4_IMPLEMENTATION_AND_TEST_RESULTS"
"05_CHAPTER_5_CONCLUSION_LIMITATIONS_FUTURE_WORK\CHAPTER_5_SOURCE_INDEX.md","2126","8CDD60AEB3A0580C7FEB8B60A1CCDCBF14F7B64516C6911978646F9070EB1853","05_CHAPTER_5_CONCLUSION_LIMITATIONS_FUTURE_WORK"
"06_ARCHITECTURE_AND_SECURITY\ARCHITECTURE_INDEX.md","2415","9664E2F01B4242104253C461124976DD86385FC015D4FD8ECB53A578FF54241E","06_ARCHITECTURE_AND_SECURITY"
"06_ARCHITECTURE_AND_SECURITY\docs\architecture\ASTRA_LINE_HEAP_ROOT_CAUSE_2026-09-28.md","36399","E8FD31FD5CE2C74610FC43CD50FA49228067E8C0812F552FF9AD79234D1F79EB","06_ARCHITECTURE_AND_SECURITY"
"06_ARCHITECTURE_AND_SECURITY\docs\architecture\ASTRA_SYSTEM_UNDERSTANDING_2026-09-28.md","41338","B2DBDCB70348DB4B7ADB1EF65E2C98D040612CFDA6933F18A1E1507884DCDD60","06_ARCHITECTURE_AND_SECURITY"
"06_ARCHITECTURE_AND_SECURITY\docs\design\GOOGLE_SHEETS_ARCHITECTURE.md","56017","4C68B0FB3AD5621A2668D776CA97DC884A93210AC4250A83A2565C1707F96E42","06_ARCHITECTURE_AND_SECURITY"
"06_ARCHITECTURE_AND_SECURITY\docs\design\GOOGLE_SHEETS_FREE_ONLY_ARCHITECTURE.md","57104","AEC35AFC300610838ED38FFF5768FEE375155573D74F738467DEE122A6E0D81D","06_ARCHITECTURE_AND_SECURITY"
"06_ARCHITECTURE_AND_SECURITY\docs\design\GOOGLE_SHEETS_ONE_CLICK_ARCHITECTURE.md","11610","82094B2C4F1D1CD105BFE33D98DA4BA9883E580CFBAA47C826EB5CB705DB24BB","06_ARCHITECTURE_AND_SECURITY"
"06_ARCHITECTURE_AND_SECURITY\docs\design\LINE_ONLY_OWNER_PROVISIONING_ARCHITECTURE.md","27473","DEC5AD5CEA527A1A30BD19261C2D06F116FC20C15C0E4DF950CBD438918DCC6A","06_ARCHITECTURE_AND_SECURITY"
"06_ARCHITECTURE_AND_SECURITY\docs\design\LINE_SECURITY_NOTIFICATIONS_ARCHITECTURE.md","44202","55DB6AA589A09FF264E5EF081BB46FB8653A84BF4FA1DAEFE2B7AB9DF6768A43","06_ARCHITECTURE_AND_SECURITY"
"06_ARCHITECTURE_AND_SECURITY\docs\design\LOCAL_CANONICAL_FALLBACK.md","2812","14583231C4BA0C61066C63AE7723262621DC07C44E68D7879E7AEABB672D07C3","06_ARCHITECTURE_AND_SECURITY"
"07_PHASE_REPORTS_COMPLETE\docs\phase_reports\ADMIN_MENU_FIX_REPORT.md","5469","A7E4F8A146764CAD1F5A96136B82A64AC8CD1E889B110EB9211DE4E9FBD65C76","07_PHASE_REPORTS_COMPLETE"
"07_PHASE_REPORTS_COMPLETE\docs\phase_reports\ADMIN_PIN_REPORT.md","5516","A0FF3CC80294F2648E5B7007DA18BB099EDAAFBBBF1F01759F82C3102B07D6C7","07_PHASE_REPORTS_COMPLETE"
"07_PHASE_REPORTS_COMPLETE\docs\phase_reports\CANONICAL_OWNER_ORIGIN_REPORT.md","8887","92F2D0686A99BE548E73FDC4491E0110531138274FD75FA073DE232531F5DEFD","07_PHASE_REPORTS_COMPLETE"
"07_PHASE_REPORTS_COMPLETE\docs\phase_reports\CANONICAL_RECURRENCE_INVESTIGATION.md","12876","D0D61517CF1FF7627360EF6554EABDC8953906280565F2FF6E910840A19C7824","07_PHASE_REPORTS_COMPLETE"
"07_PHASE_REPORTS_COMPLETE\docs\phase_reports\DEFECT_FIX_03_04_05_06_07_08_09_REPORT.md","15076","C7F668E48E47AFD68299CECFEAB6A6879136D962F92547BA5985316497E179B6","07_PHASE_REPORTS_COMPLETE"
"07_PHASE_REPORTS_COMPLETE\docs\phase_reports\ENROLLMENT_EXPIRY_FIX.md","2217","C0C28C0B67DD93E3BA475FD2750FE08AACB3B0D5618533CCD243D14253B09ED0","07_PHASE_REPORTS_COMPLETE"
"07_PHASE_REPORTS_COMPLETE\docs\phase_reports\ENROLLMENT_QR_DISPLAY_FIX.md","2003","E749082F731B221BF5A427BB07AD2FAE9F8FBC64D14CBFA4EA324A6A52E54299","07_PHASE_REPORTS_COMPLETE"
"07_PHASE_REPORTS_COMPLETE\docs\phase_reports\FINAL_FROM_ZERO_ACCEPTANCE_PLAN.md","7691","8F7A22D9A49045EE0D51D0B5B135D4CFA940E72969063DD8C21AEDCB84183248","07_PHASE_REPORTS_COMPLETE"
"07_PHASE_REPORTS_COMPLETE\docs\phase_reports\FINAL_FROM_ZERO_REPORT.md","5418","3B48FEC2B153F4598202D927CC000BA2E69A0F5D762802A84BD1DA3EDB4933C8","07_PHASE_REPORTS_COMPLETE"
"07_PHASE_REPORTS_COMPLETE\docs\phase_reports\FINAL_SMARTLOCK_ACCEPTANCE_2026-09-28.md","5650","8CDD9DEDE6D33BC7066BC4914010D79E3C33AFAD3E95F9F604813BB4379FE78A","07_PHASE_REPORTS_COMPLETE"
"07_PHASE_REPORTS_COMPLETE\docs\phase_reports\GOOGLE_FREE_PHASE_F1_D1_WORKER_REPORT.md","21191","5DD0D9FCE81AA93C24AD5B00E41A1EFBCF13A2843405F354FB8BFF72B64EC3C0","07_PHASE_REPORTS_COMPLETE"
"07_PHASE_REPORTS_COMPLETE\docs\phase_reports\GOOGLE_PHASE_01_PROTOCOL_BACKEND_REPORT.md","13762","FD38401C46CCE03FFACE9A97EFAE75EC32BE22698F5B2D8A50DF3494F63E9511","07_PHASE_REPORTS_COMPLETE"
"07_PHASE_REPORTS_COMPLETE\docs\phase_reports\GOOGLE_SHEETS_ARCHIVE_CHECKPOINT.md","989","BD822C2F5833EAA6E31AADFC28A2E49445DFB3B3167FE3E9C654620D8434C652","07_PHASE_REPORTS_COMPLETE"
"07_PHASE_REPORTS_COMPLETE\docs\phase_reports\GOOGLE_SHEETS_ARCHIVE_INDEX.md","1266","624DC2DF9381258FB05A4AA880D9A81DB77849B5F1C1FB077FFEA7E0927584E8","07_PHASE_REPORTS_COMPLETE"
"07_PHASE_REPORTS_COMPLETE\docs\phase_reports\GOOGLE_SHEETS_COMPLETE_IMPLEMENTATION_REPORT.md","19373","62375CC05A96C9002762B0B2F374CB9F3604F6733E96B688E7736D06033ADF17","07_PHASE_REPORTS_COMPLETE"
"07_PHASE_REPORTS_COMPLETE\docs\phase_reports\GOOGLE_SHEETS_FINAL_GOOGLE_ACCEPTANCE_REPORT.md","14737","3C27F4DE2FBFCD7B8F5A560EBDDEDB48956444091BD2487EC8D22F3CC770E10A","07_PHASE_REPORTS_COMPLETE"
"07_PHASE_REPORTS_COMPLETE\docs\phase_reports\GOOGLE_SHEETS_HARDWARE_DEPLOYMENT_REPORT.md","8321","EA4F5812DAE42E107317692B77E749510E1A18ACAF458209A73F61D1DD0262C2","07_PHASE_REPORTS_COMPLETE"
"07_PHASE_REPORTS_COMPLETE\docs\phase_reports\GOOGLE_SHEETS_ONE_CLICK_SIMPLIFICATION_REPORT.md","12294","0687EB3FF1773643161EC105C855FAC9FD68591EC1C36BED37C6F93C78B8EFA8","07_PHASE_REPORTS_COMPLETE"
"07_PHASE_REPORTS_COMPLETE\docs\phase_reports\GOOGLE_SHEETS_REMOVAL_REPORT.md","6318","31EBC17CC131384C512EC5892CBD428E04E5378EF934FB515BBE5540F6499CE1","07_PHASE_REPORTS_COMPLETE"
"07_PHASE_REPORTS_COMPLETE\docs\phase_reports\H1_CANONICAL_HOST_DIAGNOSIS.md","4419","38D496C0D05006A1D081771BAB72BABB8F4C5D51D775206973205F3A313245AB","07_PHASE_REPORTS_COMPLETE"
"07_PHASE_REPORTS_COMPLETE\docs\phase_reports\LAN_PHONE2_CHECKPOINT.md","9941","6F72F3CE6A1D370BA49E769770D7C3B784FE4D5E7FAA6F84775C5950F1BEC54B","07_PHASE_REPORTS_COMPLETE"
"07_PHASE_REPORTS_COMPLETE\docs\phase_reports\LINE_FRIEND_PAGE_REPORT.md","1818","7B4995B536A92D0E50F123BA9AE6352D5507F9556D68C653102DB52511225C76","07_PHASE_REPORTS_COMPLETE"
"07_PHASE_REPORTS_COMPLETE\docs\phase_reports\LINE_NOTIFICATIONS_IMPLEMENTATION_REPORT.md","5879","EC76ACF163115F601031274C2358DF1C641B9EEDD1EB81ECE983F168F46DA713","07_PHASE_REPORTS_COMPLETE"
"07_PHASE_REPORTS_COMPLETE\docs\phase_reports\LINE_OWNER_PROVISIONING_V2_COMPLETE_REPORT.md","12331","2C7B9C23A6A8426D8A94CBE9CCF37359A3FB3253DE70FA31C4AC2B652ECCEEB4","07_PHASE_REPORTS_COMPLETE"
"07_PHASE_REPORTS_COMPLETE\docs\phase_reports\LINE_WEB_ADMIN_DELIVERY_REPORT.md","5261","A80B019C004584BBE2D3488E034E0CEEC06A2036E650B2152064A5DA66759B11","07_PHASE_REPORTS_COMPLETE"
"07_PHASE_REPORTS_COMPLETE\docs\phase_reports\LOCAL_CANONICAL_FALLBACK_REPORT.md","4351","A3E89F578107D0A365630A0094D5D48A54D09E0C4FE8A50C7D619E1B1A93C399","07_PHASE_REPORTS_COMPLETE"
"07_PHASE_REPORTS_COMPLETE\docs\phase_reports\MANAGEMENT_RESET_HOLD_FIX.md","2632","7D8E4F085CE46DA91DD002CBF2E9F000F6AA34353012D0BEFD613EC43F02EC28","07_PHASE_REPORTS_COMPLETE"
"07_PHASE_REPORTS_COMPLETE\docs\phase_reports\MANAGEMENT_TRIM_REPORT.md","2408","E7FF6B83B06B08665C37EEA88C39B58781B495C30735E553F1AB8E72ED78619F","07_PHASE_REPORTS_COMPLETE"
"07_PHASE_REPORTS_COMPLETE\docs\phase_reports\PHASE_00_REPORT.md","3155","57E83A939E7574AAC67E423831F3E25908F0F69DC34950EC6D51086FFEACEC29","07_PHASE_REPORTS_COMPLETE"
"07_PHASE_REPORTS_COMPLETE\docs\phase_reports\PHASE_01_REPORT.md","4997","A396D4AC1D743A919EDCCF65244E20FB5FA6CF33156D376400A46011CF54DEDA","07_PHASE_REPORTS_COMPLETE"
"07_PHASE_REPORTS_COMPLETE\docs\phase_reports\PHASE_02_REPORT.md","4065","41481658CCFD1BA05071B02E818630740F0EF2363007CA2F721C181EFFF690F6","07_PHASE_REPORTS_COMPLETE"
"07_PHASE_REPORTS_COMPLETE\docs\phase_reports\PHASE_03_REPORT.md","2383","74574D4FAB697B78338F3DED89C11480B23C4BAB2EE1759CF908FA25CA7129A5","07_PHASE_REPORTS_COMPLETE"
"07_PHASE_REPORTS_COMPLETE\docs\phase_reports\PHASE_04_REPORT.md","2409","C73DB43C00CDFAD980053348D297132AFD15BB0518E7266575FB7A98656BC0C8","07_PHASE_REPORTS_COMPLETE"
"07_PHASE_REPORTS_COMPLETE\docs\phase_reports\PHASE_05_REPORT.md","3772","E80F188A15DD2D50602F33B9BBB57386A46BFAE473F1E3AA1042574A823DBF48","07_PHASE_REPORTS_COMPLETE"
"07_PHASE_REPORTS_COMPLETE\docs\phase_reports\PHASE_06A_REPORT.md","3236","93A2704884F79E0E05C42837144482D24C3E59AA965A62BFCE30F96DA7E4D92B","07_PHASE_REPORTS_COMPLETE"
"07_PHASE_REPORTS_COMPLETE\docs\phase_reports\PHASE_06_REPORT.md","2613","813F035A396FB1408D6E24F554409810E453C34F0B1BCA0C26439E44C2B79D66","07_PHASE_REPORTS_COMPLETE"
"07_PHASE_REPORTS_COMPLETE\docs\phase_reports\PHASE_07_HANDOFF_CURRENT_REPORT_TH.md","16320","E2A948E9FD8DC4C9CBB2D56166D5993ED59804C404816F4022A230279C7A4502","07_PHASE_REPORTS_COMPLETE"
"07_PHASE_REPORTS_COMPLETE\docs\phase_reports\PHASE_07_OWNER_ACCESS_REPORT.md","5629","B1A160F84A3D45B733EEBBE02813FEADFC83C4652943E38FB0CDEACACF1B5CC5","07_PHASE_REPORTS_COMPLETE"
"07_PHASE_REPORTS_COMPLETE\docs\phase_reports\PHASE_08_REPORT.md","6745","3B78E7846207CA9C2CCCAED0387F6CACCB1DF64D61B432388F9BAFC6B2A4D6AE","07_PHASE_REPORTS_COMPLETE"
"07_PHASE_REPORTS_COMPLETE\docs\phase_reports\PHASE_09_REPORT.md","12151","3F3470600C76E76CCBB55704D9EB9F324E344CE2B642A63C0E8731B103353E40","07_PHASE_REPORTS_COMPLETE"
"07_PHASE_REPORTS_COMPLETE\docs\phase_reports\PHASE_10_REPORT.md","4436","52A0BC86B868840103BBFF7CB363DE84294DFC04A732D3AE457A08DB086646C0","07_PHASE_REPORTS_COMPLETE"
"07_PHASE_REPORTS_COMPLETE\docs\phase_reports\PHASE_11_REPORT.md","4355","5B0ADE8E159D7004EF20F3CAE841A60FFE0B36D730E1F2BC30FCB50DCC5C1D30","07_PHASE_REPORTS_COMPLETE"
"07_PHASE_REPORTS_COMPLETE\docs\phase_reports\PHASE_12_REPORT.md","9910","A87F7C99DBC1CB913B0C56F50B5560ECBD3F94FA424A476A6A6803410C5D862A","07_PHASE_REPORTS_COMPLETE"
"07_PHASE_REPORTS_COMPLETE\docs\phase_reports\PHASE_13_REPORT.md","13989","D627AEB7A6D46F330E1513D9D97FEAD794C256FC88A3737BD9D7E919B968F163","07_PHASE_REPORTS_COMPLETE"
"07_PHASE_REPORTS_COMPLETE\docs\phase_reports\PHASE_14_REGRESSION_CHECKLIST.md","8631","FF2074E9AC515BC453A8A8F30020D9D1A8566F309DB3183AE0B1AD5AE8938D1F","07_PHASE_REPORTS_COMPLETE"
"07_PHASE_REPORTS_COMPLETE\docs\phase_reports\PHASE_14_REPORT.md","2727","2ECD8B5FFD594D03EC3D27B62873F02DD40E1A0C4AC6D9E1C5B200DAE4A037E0","07_PHASE_REPORTS_COMPLETE"
"07_PHASE_REPORTS_COMPLETE\docs\phase_reports\PRODUCT_CLEANUP_REPORT.md","5456","4C089DC523509D72B4B6FDEDF5509A1F880E022ACF017ACEA2579DB53D195E24","07_PHASE_REPORTS_COMPLETE"
"07_PHASE_REPORTS_COMPLETE\docs\phase_reports\SETUP_SIMPLIFICATION_REPORT.md","4129","EFB6FBF1A91A73E928B997B41F8F4C369ADE87FDE3B7025E910AEE9BECA82882","07_PHASE_REPORTS_COMPLETE"
"07_PHASE_REPORTS_COMPLETE\docs\phase_reports\SINGLE_IDENTITY_MIGRATION_REPORT.md","13390","C22F52F206345DA26882F14CBA680003AA56CAE239AA70E639F267E49605C974","07_PHASE_REPORTS_COMPLETE"
"07_PHASE_REPORTS_COMPLETE\docs\phase_reports\SOL_C5_C6_DEPLOYMENT_ACCEPTANCE_2026-09-28.md","7631","7970A0A915C2439A3955322B62FD155B2DB421B847087695704CFFE2F327187A","07_PHASE_REPORTS_COMPLETE"
"07_PHASE_REPORTS_COMPLETE\docs\phase_reports\SOL_LINE_HEAP_DELIVERY_FIX_2026-09-28.md","4316","2EAE946E0A7864C35B878E95DD7DEBD8C9C22F7CF2088D5000A644BB0623481D","07_PHASE_REPORTS_COMPLETE"
"07_PHASE_REPORTS_COMPLETE\docs\phase_reports\SOL_LINE_HEAP_MINIMAL_BISECTION_2026-09-28.md","6238","FA0A14C77E6A38B6DBBDE4F16C971D06798F04CFD622F6BEE668CB42E378E3F6","07_PHASE_REPORTS_COMPLETE"
"07_PHASE_REPORTS_COMPLETE\docs\phase_reports\SOL_LINE_HEAP_REGION_DIAGNOSTIC_2026-09-28.md","8885","6AE03C852CFDAB7A1FC9BE16709C0CF253B2C0F8608CC91EDFE1C4EB33F4645A","07_PHASE_REPORTS_COMPLETE"
"07_PHASE_REPORTS_COMPLETE\docs\phase_reports\SOL_POST_ASTRA_REVIEW_2026-09-28.md","12884","2D757B6669BDF63A37FCCF12625C77D1EFE52C9177AB508C22A9CF033E68481C","07_PHASE_REPORTS_COMPLETE"
"07_PHASE_REPORTS_COMPLETE\docs\phase_reports\SOL_PRODUCTION_HEAP_REPRODUCTION_2026-09-28.md","5885","043789AB2A277304EE23B70D3C9FCD772615DB8CE0C768925DE926478D9E7EBE","07_PHASE_REPORTS_COMPLETE"
"07_PHASE_REPORTS_COMPLETE\docs\phase_reports\STALE_ENROLLMENT_REPORT.md","4307","A2F20557C5F9AF6D447A93967A1E0F79855B9072BB9FD91331CFE2BB6DD06082","07_PHASE_REPORTS_COMPLETE"
"07_PHASE_REPORTS_COMPLETE\docs\phase_reports\THAI_WEB_LOCALIZATION_REPORT.md","5169","CE69C2BF0D1A4516E59B84DB9E67C26248C64072F77F098C031649C6D3055710","07_PHASE_REPORTS_COMPLETE"
"07_PHASE_REPORTS_COMPLETE\docs\phase_reports\TOUCH_UI_FACTORY_RESET_REPORT.md","3542","ED741CAB354CDE4F06D880F31E4EC167D2DCD6BCFC53E6C9D1CA3A9E67B2DFF1","07_PHASE_REPORTS_COMPLETE"
"08_TEST_EVIDENCE_RAW\EVIDENCE_INDEX.csv","69876","EE915C26EFF461FCA02A61E033B9D0C4CA4F96BCB0CAEA045313200EB3FAFCCC","08_TEST_EVIDENCE_RAW"
"08_TEST_EVIDENCE_RAW\docs\phase_reports\evidence\canonical-current-diag.txt","1391","F9C7A25934822630B478EA4E80F1D7B14E98F2ECEAD0EF41AB11E90AE5016566","08_TEST_EVIDENCE_RAW"
"08_TEST_EVIDENCE_RAW\docs\phase_reports\evidence\canonical-pre-diag.txt","1389","4305CE34154A4ECF647699A2BE5EF38E0F19F0D636FC8037EF0845CE6F3A12BA","08_TEST_EVIDENCE_RAW"
"08_TEST_EVIDENCE_RAW\docs\phase_reports\evidence\admin_menu_fix\boot.txt","1608","9CFEB36D1BEEE9F3DACE60FA85F2519D7BA87715421B1C83920FABD679D28977","08_TEST_EVIDENCE_RAW"
"08_TEST_EVIDENCE_RAW\docs\phase_reports\evidence\admin_menu_fix\build.json","222","E1ADBB445CA93859C59AE3E64DC9D1797A356C5326A5D5C5D111B2488E932D5D","08_TEST_EVIDENCE_RAW"
"08_TEST_EVIDENCE_RAW\docs\phase_reports\evidence\admin_menu_fix\flash-verify.txt","831","1DDAF9D4F93A43842965AF916DCC98CB6CAD1F2B3206C4215BAB0C565F245E2A","08_TEST_EVIDENCE_RAW"
"08_TEST_EVIDENCE_RAW\docs\phase_reports\evidence\admin_pin\boot-auth.txt","1832","9C9F86B4EB3D2CA2C7016B201D416E66D859A973B3CDC829A134545830CE552A","08_TEST_EVIDENCE_RAW"
"08_TEST_EVIDENCE_RAW\docs\phase_reports\evidence\admin_pin\build.json","263","259CA63E42E93CDD424E15B12B4C3140C27B0F190EECF754B537A1CDDC50DEC4","08_TEST_EVIDENCE_RAW"
"08_TEST_EVIDENCE_RAW\docs\phase_reports\evidence\admin_pin\http.json","122","D2B9EC2BF74FD9FF1A5F46435C4524DFA364E81692C953E7D4442F9841AFE77E","08_TEST_EVIDENCE_RAW"
"08_TEST_EVIDENCE_RAW\docs\phase_reports\evidence\c5_c6_deployment\command-results.txt","3821","4CD16D4F8431AEE0844CC2948F66DD2D0AFF86D3DDF4A82D7E9A5B8B4372780A","08_TEST_EVIDENCE_RAW"
"08_TEST_EVIDENCE_RAW\docs\phase_reports\evidence\c5_c6_deployment\deployment.json","4190","4F479A99CF9E074DD768D1EC0C823D07314325635D2B224380585BCA48E6B2AD","08_TEST_EVIDENCE_RAW"
"08_TEST_EVIDENCE_RAW\docs\phase_reports\evidence\c5_c6_deployment\live-otadata.bin","8192","F94C5D786A7A8FAB06AC5D10E33BF37711A6697636DC037559EA19CC410A17F0","08_TEST_EVIDENCE_RAW"
"08_TEST_EVIDENCE_RAW\docs\phase_reports\evidence\c5_c6_deployment\live-partition.bin","3072","148B959CBFF1C38AA8E1D5C0BA9D612C54997B945E56A63F41223EEF650653A1","08_TEST_EVIDENCE_RAW"
"08_TEST_EVIDENCE_RAW\docs\phase_reports\evidence\c5_c6_deployment\postflash-extended-diagnostic.json","2073","37D0226F3BD94026AAAF9956EF708DC021BA65484DD0EDF468B6A0818E4A9C5C","08_TEST_EVIDENCE_RAW"
"08_TEST_EVIDENCE_RAW\docs\phase_reports\evidence\c5_c6_deployment\state-comparison.json","3155","F2DBEE137B8ED0BD5F4EE69AB3BC0794211914FFF7317A883E6DC8EFFAD24E26","08_TEST_EVIDENCE_RAW"
"08_TEST_EVIDENCE_RAW\docs\phase_reports\evidence\canonical_recurrence\access-shell-after-boot.json","805","35FD0E509164269C82D1C005CF63288D27523A72D1DBE822C2BDE1BFD61DCBBF","08_TEST_EVIDENCE_RAW"
"08_TEST_EVIDENCE_RAW\docs\phase_reports\evidence\canonical_recurrence\current-runtime.txt","1466","4675D3DA8D893FF4BA11DB36484E2051B2AEBA3947EDA632CC80CCB5B372F2CC","08_TEST_EVIDENCE_RAW"
"08_TEST_EVIDENCE_RAW\docs\phase_reports\evidence\canonical_recurrence\final-runtime.txt","1389","6DEB4D9C5461769A8DF63A0CD7B5697BC6CBACC45B97AF6E7C986D8018428660","08_TEST_EVIDENCE_RAW"
"08_TEST_EVIDENCE_RAW\docs\phase_reports\evidence\canonical_recurrence\lan-after-normal-boot.json","9673","5B2A8BFAA28AFDC16501A7B4BDAA79C5C7F4D629A53BDBB62246F663624BA963","08_TEST_EVIDENCE_RAW"
"08_TEST_EVIDENCE_RAW\docs\phase_reports\evidence\canonical_recurrence\lan-before.json","9623","7393A366F767166BBCC450CDC513DA026CC4988D3330A6F82C21D433ABE32A2C","08_TEST_EVIDENCE_RAW"
"08_TEST_EVIDENCE_RAW\docs\phase_reports\evidence\canonical_recurrence\lan-environment.json","2902","B61B5B6BD21AEC556CE09A3B560C30D5CAA4720AF70B79510D5CF12E0C7007E4","08_TEST_EVIDENCE_RAW"
"08_TEST_EVIDENCE_RAW\docs\phase_reports\evidence\canonical_recurrence\mdns-matrix-python312.json","8301","3B1BBCDF93600D716AE926E2CDACD0586D2E52D263C00FE1BD11F9D561766F81","08_TEST_EVIDENCE_RAW"
"08_TEST_EVIDENCE_RAW\docs\phase_reports\evidence\canonical_recurrence\mdns-matrix-python314.json","8301","C4EFBAC3311AF88856D642EF44DA23AB2EBB67E42B18935E22747BE536B6230E","08_TEST_EVIDENCE_RAW"
"08_TEST_EVIDENCE_RAW\docs\phase_reports\evidence\canonical_recurrence\normal-boot.txt","2354","39130B13ACD994B59F1F514891E8F50BD63C6DC1C4419539BDDF863A72AF54A4","08_TEST_EVIDENCE_RAW"
"08_TEST_EVIDENCE_RAW\docs\phase_reports\evidence\canonical_recurrence\routes-after-boot.json","1186","E976855B2700A7ABAA5566E1D3DBE5049C98567848BBC76815AEB6F9232BE96F","08_TEST_EVIDENCE_RAW"
"08_TEST_EVIDENCE_RAW\docs\phase_reports\evidence\defect_fix_03_09\baseline-config.json","292","E9B15CEF010D7F6301C30657313D63BB162FF44ABD3FA59CEA5501D85D7AF2DA","08_TEST_EVIDENCE_RAW"
"08_TEST_EVIDENCE_RAW\docs\phase_reports\evidence\defect_fix_03_09\baseline.txt","1479","50F1407A415B0248910A2D50D52F15A05E30F73B15798341B66D27CEF8DC569A","08_TEST_EVIDENCE_RAW"
"08_TEST_EVIDENCE_RAW\docs\phase_reports\evidence\defect_fix_03_09\build-resources.json","1057","E68220C93429A78E5D19EA2128A2744C1DF886CDADDA42322DB83AA9E54100C0","08_TEST_EVIDENCE_RAW"
"08_TEST_EVIDENCE_RAW\docs\phase_reports\evidence\defect_fix_03_09\build.txt","9988","763FABB331B25FB66112F94E7B9DE60DED857F9ED0E020E72CA677552808AD59","08_TEST_EVIDENCE_RAW"
"08_TEST_EVIDENCE_RAW\docs\phase_reports\evidence\defect_fix_03_09\canonical-live.json","234","F302B88CB2C1DE9A8E065CE4A29C8B9BF65BB496412B19832FE309052AF54339","08_TEST_EVIDENCE_RAW"
"08_TEST_EVIDENCE_RAW\docs\phase_reports\evidence\defect_fix_03_09\changed-files.txt","3248","6D5C8DDDD973D19050E9C9C8F1286EEC437D4E9B44D5EA3D555B313A7290849D","08_TEST_EVIDENCE_RAW"
"08_TEST_EVIDENCE_RAW\docs\phase_reports\evidence\defect_fix_03_09\final-live.txt","2856","638E76F4E9D285E7C280A5A7394A5D63CCD4C7C5BCCB6966F4D53FB02728DB6C","08_TEST_EVIDENCE_RAW"
"08_TEST_EVIDENCE_RAW\docs\phase_reports\evidence\defect_fix_03_09\flash.txt","4604","074DEB848EAAA0944697A47314EB8B1593B558773D3AA0053DFED3F960BE0D8F","08_TEST_EVIDENCE_RAW"
"08_TEST_EVIDENCE_RAW\docs\phase_reports\evidence\defect_fix_03_09\host-regression.json","2710","23B2D06C760AEE27664B9127203C59F01783864B6EDCDF738A8D3AAF7B1F8092","08_TEST_EVIDENCE_RAW"
"08_TEST_EVIDENCE_RAW\docs\phase_reports\evidence\defect_fix_03_09\host-regression.txt","10979","2EC8402B7E585C5D954FCD43DB9ABE25F73558D522F53B38AA9E017FDFD332D3","08_TEST_EVIDENCE_RAW"
"08_TEST_EVIDENCE_RAW\docs\phase_reports\evidence\defect_fix_03_09\live-event-validation.json","120","318368838986D91AE722B1381967367BE19657B2F3A31DD71B251C7D9FA7E47B","08_TEST_EVIDENCE_RAW"
"08_TEST_EVIDENCE_RAW\docs\phase_reports\evidence\defect_fix_03_09\live-http.json","3105","64D3E6CA72E028D92A341563D9D0CA137E76BF0A59288F528912491921475185","08_TEST_EVIDENCE_RAW"
"08_TEST_EVIDENCE_RAW\docs\phase_reports\evidence\defect_fix_03_09\persistence-after-http.json","905","6C0691902BB02181097B10B07AE24E2DDAB780D482FCE264A35772FECAD087E1","08_TEST_EVIDENCE_RAW"
"08_TEST_EVIDENCE_RAW\docs\phase_reports\evidence\defect_fix_03_09\persistence-comparison.json","905","6C0691902BB02181097B10B07AE24E2DDAB780D482FCE264A35772FECAD087E1","08_TEST_EVIDENCE_RAW"
"08_TEST_EVIDENCE_RAW\docs\phase_reports\evidence\defect_fix_03_09\post-flash-boot.txt","3471","8F980FDFB3076CF05307C5E3B7D02754A176264A83381E836A1CCDBA28BCB111","08_TEST_EVIDENCE_RAW"
"08_TEST_EVIDENCE_RAW\docs\phase_reports\evidence\defect_fix_03_09\post-http-live.txt","2947","EE53628038F8B8E4A295ADE4F695E2A2D556F4E75A41551BB2D6FDBD7E8C0838","08_TEST_EVIDENCE_RAW"
"08_TEST_EVIDENCE_RAW\docs\phase_reports\evidence\defect_fix_03_09\pre-flash-live.txt","779","757898C5BA534CF4D0C32B4B9A0A531117222FAE2626C8BED065BD4EF9E7E97B","08_TEST_EVIDENCE_RAW"
"08_TEST_EVIDENCE_RAW\docs\phase_reports\evidence\defect_fix_03_09\PRE_FLASH_REVIEW.md","3364","43AD93515C5E39C903E6C3C0FE1359148CA5DE0382DD234CE77C5EC9A873BBE1","08_TEST_EVIDENCE_RAW"
"08_TEST_EVIDENCE_RAW\docs\phase_reports\evidence\defect_fix_03_09\repository-baseline.json","715","B37A6DE7ADF4F78C8230179E852A5EA4827C6E900567644DC1B3618FBC99B30D","08_TEST_EVIDENCE_RAW"
"08_TEST_EVIDENCE_RAW\docs\phase_reports\evidence\final_from_zero\after-phone2.txt","254","5575F5F5045D766E65211B4028EED65EDD5F36468A863C8C763770F79AD010AB","08_TEST_EVIDENCE_RAW"
"08_TEST_EVIDENCE_RAW\docs\phase_reports\evidence\final_from_zero\post-reset-auth.txt","130","08009BF0F684C2015100EA1AA9B575467663C492DDC0BA1DD6A1A4989F52A2AE","08_TEST_EVIDENCE_RAW"
"08_TEST_EVIDENCE_RAW\docs\phase_reports\evidence\final_from_zero\post-reset-normal-boot.txt","1158","21143B177A381CF4DD206D4571B0D84D4D089622A6681B9BDF5474884AAED3FD","08_TEST_EVIDENCE_RAW"
"08_TEST_EVIDENCE_RAW\docs\phase_reports\evidence\final_from_zero\pre-reset-boot.txt","1654","69575BC9CBBE642BD5EA92913521C6C83428B8181C30AA7043E03C254ADEB45A","08_TEST_EVIDENCE_RAW"
"08_TEST_EVIDENCE_RAW\docs\phase_reports\evidence\google_complete\backend-oauth-build.txt","155","C7C40A77297C26C2F6C780893D9E9163C5B7F31CC722A76CAB6089E414653B8F","08_TEST_EVIDENCE_RAW"
"08_TEST_EVIDENCE_RAW\docs\phase_reports\evidence\google_complete\backend-production-final.txt","1491","4A5E01DDAA4441725FDF5A75F9F9119CFC2E325FC5B94815DA9B4141414BA055","08_TEST_EVIDENCE_RAW"
"08_TEST_EVIDENCE_RAW\docs\phase_reports\evidence\google_complete\backend-production-tests.txt","799","4057867723D64F010B68E4171E5167459461FB9B53FF180E50E2ECA0DE25EEA4","08_TEST_EVIDENCE_RAW"
"08_TEST_EVIDENCE_RAW\docs\phase_reports\evidence\google_complete\backend-regression-82-checkpoint.txt","8546","A76AA973F9A4F98BE223053F72B23949B111B3E56C73339FF03762EA1A2C156A","08_TEST_EVIDENCE_RAW"
"08_TEST_EVIDENCE_RAW\docs\phase_reports\evidence\google_complete\backend-regression-final.txt","8615","061B10A1D76D9021CF9EFBEEEB54D81C2532FF0560EE26D53C8BE985B92BD7E1","08_TEST_EVIDENCE_RAW"
"08_TEST_EVIDENCE_RAW\docs\phase_reports\evidence\google_complete\backend-regression.txt","7184","31B545B377ECC7D547156164EDFD08924354BB53FA9B600727475E79604EFB60","08_TEST_EVIDENCE_RAW"
"08_TEST_EVIDENCE_RAW\docs\phase_reports\evidence\google_complete\backend-soak-console.txt","2","7EB70257593DA06F682A3DDDA54A9D260D4FC514F645237F5CA74B08F8DA61A6","08_TEST_EVIDENCE_RAW"
"08_TEST_EVIDENCE_RAW\docs\phase_reports\evidence\google_complete\backend-soak.json","11429","5F99ACC4BCB20537A0EEECD14F2B6A760C9154062F00538E0494A3F072E2A4BA","08_TEST_EVIDENCE_RAW"
"08_TEST_EVIDENCE_RAW\docs\phase_reports\evidence\google_complete\baseline-metadata.json","607","EB6ADA9ACE2B7C54D09DB4E8B212B408803886DE28F9FFFD98F48EFAD3B09351","08_TEST_EVIDENCE_RAW"
"08_TEST_EVIDENCE_RAW\docs\phase_reports\evidence\google_complete\baseline.txt","2377","46258C1F9D0FEE8E0B03C35653DAD94DF48475C17F93F3D11B1CEA4F2F5F10E5","08_TEST_EVIDENCE_RAW"
"08_TEST_EVIDENCE_RAW\docs\phase_reports\evidence\google_complete\board-soak-summary.json","431","46540A0EEF6B35A64E4BB51B416EC85E64B649F44D1F712B2D3327AEE4044415","08_TEST_EVIDENCE_RAW"
"08_TEST_EVIDENCE_RAW\docs\phase_reports\evidence\google_complete\board-soak.json","35632","EAB804C01A2EF4FAC62311FDA6B3D1C264E02DC511D0DBF41E2EF9933193195B","08_TEST_EVIDENCE_RAW"
"08_TEST_EVIDENCE_RAW\docs\phase_reports\evidence\google_complete\build-attempt1.txt","10215","C4A50A6ADD009DC5DB6430A97CA9103969187CBA979829D96EF4BC75ACFC5F68","08_TEST_EVIDENCE_RAW"
"08_TEST_EVIDENCE_RAW\docs\phase_reports\evidence\google_complete\build-cloud-enabled-final.txt","2626","52D69B71B770E4A65F8B2FB61ECCCCC70C85DC9D348E9D61AB8F908691BDCA36","08_TEST_EVIDENCE_RAW"
"08_TEST_EVIDENCE_RAW\docs\phase_reports\evidence\google_complete\build-configured-resource.txt","10169","17297E899529485D4FA7964A59D96AFF037AEABCE97C39EB73FF106A17BF81CD","08_TEST_EVIDENCE_RAW"
"08_TEST_EVIDENCE_RAW\docs\phase_reports\evidence\google_complete\build-final.txt","2152","24C22583139C874080928518CDC6F79E9E98317318FECC2517CBDD620542DFC5","08_TEST_EVIDENCE_RAW"
"08_TEST_EVIDENCE_RAW\docs\phase_reports\evidence\google_complete\events-final.txt","1483","67AC2EAD9B6B4D3DCA53270AF681C17CA6B9039E23A9CCF3D821A72F41754E2C","08_TEST_EVIDENCE_RAW"
"08_TEST_EVIDENCE_RAW\docs\phase_reports\evidence\google_complete\final-health.json","572","F43AFDBECBDA5DF1D972CA46218C44A86436F50D3B80BB3886842FA1093FF56E","08_TEST_EVIDENCE_RAW"
"08_TEST_EVIDENCE_RAW\docs\phase_reports\evidence\google_complete\final-persistence.json","290","86FF44DE82129C1EBD25A61587BE2757E38CEE4D86F852758CCB6E95D26E38DE","08_TEST_EVIDENCE_RAW"
"08_TEST_EVIDENCE_RAW\docs\phase_reports\evidence\google_complete\final-reboot.txt","4749","6B276D051CDDE6ACD77D9CD13F08BC32C107787971693F65A64AB91F807622B0","08_TEST_EVIDENCE_RAW"
"08_TEST_EVIDENCE_RAW\docs\phase_reports\evidence\google_complete\host-regression.json","3519","70D05564A0DB6EE745E113039FD7391CA735221EC8D239D4B630A08557049E84","08_TEST_EVIDENCE_RAW"
"08_TEST_EVIDENCE_RAW\docs\phase_reports\evidence\google_complete\host-regression.txt","14620","5335586B14460379C50A29100980CD9DC75B5D315EDB78CB864189A4133F8A21","08_TEST_EVIDENCE_RAW"
"08_TEST_EVIDENCE_RAW\docs\phase_reports\evidence\google_complete\implementation-commit.txt","42","FA610E9F0123F46733B84FD5556C913AC63CFA2CDC598D3B975E49CB19443152","08_TEST_EVIDENCE_RAW"
"08_TEST_EVIDENCE_RAW\docs\phase_reports\evidence\google_complete\live-http-first-expectation.json","2280","BE48D6FB8979691A4AD6DFC3E7375E2BE3C35058866D41E40591A48AFF5F2355","08_TEST_EVIDENCE_RAW"
"08_TEST_EVIDENCE_RAW\docs\phase_reports\evidence\google_complete\live-http-observation.json","25834","E59325DA0A07D10C53D471DA0308CC61296E59D21FF751DD73C95C0D52B519C0","08_TEST_EVIDENCE_RAW"
"08_TEST_EVIDENCE_RAW\docs\phase_reports\evidence\google_complete\live-http.json","2801","D0C83A50BA6C22FB104F32914481C02BA961437D55D98855ABA22AC133E7697F","08_TEST_EVIDENCE_RAW"
"08_TEST_EVIDENCE_RAW\docs\phase_reports\evidence\google_complete\mdns.json","376","751E5F429928FE66328FAB209C98B9542159C4D32C81A8796DE9BB8346C6911F","08_TEST_EVIDENCE_RAW"
"08_TEST_EVIDENCE_RAW\docs\phase_reports\evidence\google_complete\persistence-comparison.json","267","E653A2DED989641EAF1B36A86293E3C73DDFF6B3F907FFD746202FBB671696EE","08_TEST_EVIDENCE_RAW"
"08_TEST_EVIDENCE_RAW\docs\phase_reports\evidence\google_complete\postflash.txt","4784","CC0D8D19FA5B46E662527ECA5ED9E6BE1A500B240FEAA37EF68EE3673AC15D36","08_TEST_EVIDENCE_RAW"
"08_TEST_EVIDENCE_RAW\docs\phase_reports\evidence\google_complete\preflash.txt","2377","1B04ACD8038702BD38E6E19D7AE3E2799EAEB6C78B87CBAA8C8F9C33E54801BE","08_TEST_EVIDENCE_RAW"
"08_TEST_EVIDENCE_RAW\docs\phase_reports\evidence\google_complete\sol-review.md","2697","BD0A74336F52F6A6338CF4728D71316CEF27674B9222A590A4491D44A0517EF8","08_TEST_EVIDENCE_RAW"
"08_TEST_EVIDENCE_RAW\docs\phase_reports\evidence\google_complete\starting-status.txt","213","2DB8C4B1DAB5D9920BBD8AF0662430BD7D9C5EB453312364944D1DD29D27A6C1","08_TEST_EVIDENCE_RAW"
"08_TEST_EVIDENCE_RAW\docs\phase_reports\evidence\google_complete\upload.txt","4803","00BF59E1757F9040F7D0D02E2EEE422D702D6E95BB63D3838F4F3E37D20A7E5F","08_TEST_EVIDENCE_RAW"
"08_TEST_EVIDENCE_RAW\docs\phase_reports\evidence\google_free_f1\budget-regression.tap","726","AFFF3753E57A433FBAD9F178A55FFA50ADCCAF23489D2B4E83B8AB928F630282","08_TEST_EVIDENCE_RAW"
"08_TEST_EVIDENCE_RAW\docs\phase_reports\evidence\google_free_f1\budget.json","8329","B7E3311D0E664A9ABBD7F72A2EA50CF5724C8FDB2D84A9ECEE41A4E12FF31283","08_TEST_EVIDENCE_RAW"
"08_TEST_EVIDENCE_RAW\docs\phase_reports\evidence\google_free_f1\final-regression.tap","12312","144A9DBECDAB90AE3EF498A80B812BFFCB94710002FB56F2DDFF027C4E993D45","08_TEST_EVIDENCE_RAW"
"08_TEST_EVIDENCE_RAW\docs\phase_reports\evidence\google_free_f1\mechanism-budget.json","4883","8ADFCBB76E9EA173D931D33865493A5A70B237FDA5B6A782421502005763F616","08_TEST_EVIDENCE_RAW"
"08_TEST_EVIDENCE_RAW\docs\phase_reports\evidence\google_h1\build-summary.json","3193","565BB2CD382879EA35DAF92D16E9B2A9DEC47A4B198748947DA10AC8EFAACC5F","08_TEST_EVIDENCE_RAW"
"08_TEST_EVIDENCE_RAW\docs\phase_reports\evidence\google_h1\build.txt","4438","4F3781E972C99422849DF920AFCC0B1EBC7D94F79058581616E25BE54147DEBA","08_TEST_EVIDENCE_RAW"
"08_TEST_EVIDENCE_RAW\docs\phase_reports\evidence\google_h1\cloud-monitor.txt","10371","5F8C9FBDF7FB010B176D3DD2A033713E5C80350592DD8C870D8AB92D74E2C3A8","08_TEST_EVIDENCE_RAW"
"08_TEST_EVIDENCE_RAW\docs\phase_reports\evidence\google_h1\flash.txt","2496","788D5C2010EA3C1E9663FDE3215EF7DF7E31F5FC44D8C97618E5FA47DAD67583","08_TEST_EVIDENCE_RAW"
"08_TEST_EVIDENCE_RAW\docs\phase_reports\evidence\google_h1\host-tests.txt","6457","B972C7F3DE66B81B6DC1821701742951607C2EDE6B405FE6557EF8BAFE6A9F37","08_TEST_EVIDENCE_RAW"
"08_TEST_EVIDENCE_RAW\docs\phase_reports\evidence\google_h1\lan-context.txt","933","16F2BBFFEE0EF033B197F9716B58CA08DD8A8894795006BA08B1D98D303074B9","08_TEST_EVIDENCE_RAW"
"08_TEST_EVIDENCE_RAW\docs\phase_reports\evidence\google_h1\lan-soak.txt","2862","0C0B281DC875F423ADE8A19D581678874854AF522C85F118F67294EE4D72A007","08_TEST_EVIDENCE_RAW"
"08_TEST_EVIDENCE_RAW\docs\phase_reports\evidence\google_h1\mdns-initial-probe.txt","1412","C5B14884C209CBD4B1F72A44835F0F9FB95982A6C986FFD05CAC93128F589858","08_TEST_EVIDENCE_RAW"
"08_TEST_EVIDENCE_RAW\docs\phase_reports\evidence\google_h1\mdns-wire-4s.txt","812","FE6CB1CFE25C8D5404AF8A8C305E2D0E49E7267438FD22A04E3CEED73A42E58F","08_TEST_EVIDENCE_RAW"
"08_TEST_EVIDENCE_RAW\docs\phase_reports\evidence\google_h1\mdns-wire-5353.txt","997","FB2BED2CB35C88764A4D8C28E19EB7C6455385AD1A7DD9EB6DE8400128019500","08_TEST_EVIDENCE_RAW"
"08_TEST_EVIDENCE_RAW\docs\phase_reports\evidence\google_h1\mdns-wire-txid0.txt","1910","4FF48EB7896772F56F9A95E370980F4201A0671D959DE58C9282872992DDF3D4","08_TEST_EVIDENCE_RAW"
"08_TEST_EVIDENCE_RAW\docs\phase_reports\evidence\google_h1\mdns-wire.txt","853","4D314BBFF5E3A73EBF163E128E2A771CBC215866CB62720139CA43FF067E04F4","08_TEST_EVIDENCE_RAW"
"08_TEST_EVIDENCE_RAW\docs\phase_reports\evidence\google_h1\partition-live.bin","3072","148B959CBFF1C38AA8E1D5C0BA9D612C54997B945E56A63F41223EEF650653A1","08_TEST_EVIDENCE_RAW"
"08_TEST_EVIDENCE_RAW\docs\phase_reports\evidence\google_h1\persistence-comparison.json","905","6C0691902BB02181097B10B07AE24E2DDAB780D482FCE264A35772FECAD087E1","08_TEST_EVIDENCE_RAW"
"08_TEST_EVIDENCE_RAW\docs\phase_reports\evidence\google_h1\post-flash-boot.txt","1858","03221C4913029D6ED795CA1F524B998A0F340F794A1F0D835B8018DF03CB91FA","08_TEST_EVIDENCE_RAW"
"08_TEST_EVIDENCE_RAW\docs\phase_reports\evidence\google_h1\pre-flash.txt","1471","8C6E2AAD1C8E8A1314E0DE6F1D66FF2FC66218B913FA5AC632870509164B8350","08_TEST_EVIDENCE_RAW"
"08_TEST_EVIDENCE_RAW\docs\phase_reports\evidence\google_h1\sol-release-review.md","2799","9A8972FBFD0A05B4AF476AB78D46FDA09B88C6436CD30246FAC2D3A26C9A1485","08_TEST_EVIDENCE_RAW"
"08_TEST_EVIDENCE_RAW\docs\phase_reports\evidence\google_one_click\build-default.txt","4456","1E6616E965EC577289496E640C2D384CE0B0A34E4F2979604E0A285CAB5A7EC0","08_TEST_EVIDENCE_RAW"
"08_TEST_EVIDENCE_RAW\docs\phase_reports\evidence\google_one_click\build-resource.txt","2367","4C7C5F3495FFBE68DF79915C7041BF67F96D09FC25ED27372B208D50A04063A9","08_TEST_EVIDENCE_RAW"
"08_TEST_EVIDENCE_RAW\docs\phase_reports\evidence\google_one_click\cleanup.json","5775","EB47F3761C6B1AA9B167C84229F58F74A63905C43A248C825C7B10A05EF4349D","08_TEST_EVIDENCE_RAW"
"08_TEST_EVIDENCE_RAW\docs\phase_reports\evidence\google_one_click\final-gap-management-connected.png","52468","4AA38F821781AF1726F23377B88CE8A14D21149C906F05544E429F12B0396D83","08_TEST_EVIDENCE_RAW"
"08_TEST_EVIDENCE_RAW\docs\phase_reports\evidence\google_one_click\final-gap-recovered-single-row.png","51515","E313BEDCE26A5C30F3D91FA62D1F924B8F2C38D8C6583ED7BAD28FED70C6CC1C","08_TEST_EVIDENCE_RAW"
"08_TEST_EVIDENCE_RAW\docs\phase_reports\evidence\google_one_click\final-gap-recovery-receipt.txt","942","928752D6B48B7E00FE2C1044FC08FFF9331E85D848EC02F071F0F53110D9275C","08_TEST_EVIDENCE_RAW"
"08_TEST_EVIDENCE_RAW\docs\phase_reports\evidence\google_one_click\local-regression.json","4590","3E01688D43746AF10EA211D4257A70BCCF5C98A085A46E8F3093B5E4FC89D38B","08_TEST_EVIDENCE_RAW"
"08_TEST_EVIDENCE_RAW\docs\phase_reports\evidence\google_one_click\publisher-setup-20260927.md","4221","E9B08FFC2DA70505E07BEE4CAEB10FD6E9806D77F6F8BE1543F8ECE6AA793C4D","08_TEST_EVIDENCE_RAW"
"08_TEST_EVIDENCE_RAW\docs\phase_reports\evidence\google_one_click\receiver-host.txt","3702","4990FF3970EDADF7E817F17183C8050DAAD50F3EB7166DD2824DBF158867397B","08_TEST_EVIDENCE_RAW"
"08_TEST_EVIDENCE_RAW\docs\phase_reports\evidence\google_one_click\sol-external-checks.json","3153","ED4A19CDB764859F6E4B0F5F7153565CBFF402BEBAF18AAC29E22713D868B2DE","08_TEST_EVIDENCE_RAW"
"08_TEST_EVIDENCE_RAW\docs\phase_reports\evidence\google_phase_01\summary.json","691","616BE00EB3EABCD9BED6B771563992B7A70194EA52E044E084EA73F9D1EB11F5","08_TEST_EVIDENCE_RAW"
"08_TEST_EVIDENCE_RAW\docs\phase_reports\evidence\google_phase_01\tests.txt","7163","BE0D64F67D86A881D7C20F0698ECC637726D670DD5B43E801C5BEB6FA7174844","08_TEST_EVIDENCE_RAW"
"08_TEST_EVIDENCE_RAW\docs\phase_reports\evidence\google_removal\build-audit.json","307","7E481B38C89544489D6D1A4C2C78C74355BF420EBD52D9557F3699677A8D0D4F","08_TEST_EVIDENCE_RAW"
"08_TEST_EVIDENCE_RAW\docs\phase_reports\evidence\google_removal\legacy-harness-baseline.json","162","0FEF22EC5C5C556EF0AB7ED3644B40774446AC84D52C81CB6FB9FB9DED5EF89B","08_TEST_EVIDENCE_RAW"
"08_TEST_EVIDENCE_RAW\docs\phase_reports\evidence\google_removal\management-browser.json","552","6AA9481809F323C3F5B74D696CD0BA91D2DD4009DC4DCC6B6076BBAF3C581C86","08_TEST_EVIDENCE_RAW"
"08_TEST_EVIDENCE_RAW\docs\phase_reports\evidence\google_removal\protected-source.json","3273","8D4A7780FE38815100C0C7ADB116D6C162BD2260B9D16D13B3774B1A69094815","08_TEST_EVIDENCE_RAW"
"08_TEST_EVIDENCE_RAW\docs\phase_reports\evidence\google_removal\regression.json","2710","08D213F08BAD5B3BC1ACB9BF5F2BC17FD0D5897528968B2FA743BF56D133E525","08_TEST_EVIDENCE_RAW"
"08_TEST_EVIDENCE_RAW\docs\phase_reports\evidence\google_removal\regression.txt","11839","E0D30371E31AF7A10B80A2C0F4486E0573E559218EECAAE3200012251C1D17A2","08_TEST_EVIDENCE_RAW"
"08_TEST_EVIDENCE_RAW\docs\phase_reports\evidence\google_removal\source-audit.json","19697","F7C74F1DBF87C649345215E7B8F1A9751796931DD199EEF8B3BFC0E137F2866B","08_TEST_EVIDENCE_RAW"
"08_TEST_EVIDENCE_RAW\docs\phase_reports\evidence\google_removal\worker-platformio-build.txt","1612","069F69837AD04BF4531C80128EC300DF36EE875FDCB610AD3F2EFA6414F66FDE","08_TEST_EVIDENCE_RAW"
"08_TEST_EVIDENCE_RAW\docs\phase_reports\evidence\heap_diagnostic_2026_09_28\build_review.txt","1851","B8DF3174CFE18AEA2D1D9D079D457D7FCA77BB2FDFF20F5E52388E2D24D9ADFA","08_TEST_EVIDENCE_RAW"
"08_TEST_EVIDENCE_RAW\docs\phase_reports\evidence\heap_diagnostic_2026_09_28\diagnostic_firmware.bin","1242352","06971003D545542D1F9975F62104319EBAFC9D3560D6BE97CF2C2AB0E7F259F9","08_TEST_EVIDENCE_RAW"
"08_TEST_EVIDENCE_RAW\docs\phase_reports\evidence\heap_diagnostic_2026_09_28\diagnostic_source.patch","13223","9886D6519D52FE5701E23EFA9D9886C6E86A1A02A1B0665C7DC5FEF0CE66A4FC","08_TEST_EVIDENCE_RAW"
"08_TEST_EVIDENCE_RAW\docs\phase_reports\evidence\heap_diagnostic_2026_09_28\flash_verify_summary.txt","5368","A41B65A550A44F5B143853EE2E438CE057A311AB8E5952894E8A40748AD995F8","08_TEST_EVIDENCE_RAW"
"08_TEST_EVIDENCE_RAW\docs\phase_reports\evidence\heap_diagnostic_2026_09_28\production_firmware_before_diag.bin","1238752","084227E2E77994AE21B773E253C209B8BA49B897354B3969A5F76F328CB06BE9","08_TEST_EVIDENCE_RAW"
"08_TEST_EVIDENCE_RAW\docs\phase_reports\evidence\heap_diagnostic_2026_09_28\production_restore_capture.txt","830","F39FF7A630900FEE396A775E00926942E315CE5FA6EB164F5916D780959190B5","08_TEST_EVIDENCE_RAW"
"08_TEST_EVIDENCE_RAW\docs\phase_reports\evidence\heap_diagnostic_2026_09_28\production_restore_later_status.txt","252","532728F3DD9C6C476ED7B6589E5FE6C02B1129AE7FE446C37EABF91447228266","08_TEST_EVIDENCE_RAW"
"08_TEST_EVIDENCE_RAW\docs\phase_reports\evidence\heap_diagnostic_2026_09_28\serial_diag_capture.txt","6838","3B7C604B780715AAEDEA2E3C0E58A92460EDA0ADDA22C88A2787CD845462C749","08_TEST_EVIDENCE_RAW"
"08_TEST_EVIDENCE_RAW\docs\phase_reports\evidence\heap_diagnostic_2026_09_28\serial_diag_capture_corrective.txt","8106","1635BC1851863A44AAF26E509FE534EA94F86ED99972A25056C120B58DCD72EC","08_TEST_EVIDENCE_RAW"
"08_TEST_EVIDENCE_RAW\docs\phase_reports\evidence\heap_diagnostic_2026_09_28\source\HeapDiagnostics.cpp","7272","F5EEA637E16DCB700900060449D795C335C7B88BAE38A2FA2CD0C3C7A181AEC9","08_TEST_EVIDENCE_RAW"
"08_TEST_EVIDENCE_RAW\docs\phase_reports\evidence\heap_diagnostic_2026_09_28\source\HeapDiagnostics.h","391","5D331AF81D362533476699231DA1792A7B119BAE39DAFFFB7F97BDB1EDA95174","08_TEST_EVIDENCE_RAW"
"08_TEST_EVIDENCE_RAW\docs\phase_reports\evidence\heap_diagnostic_orphan\HeapTrace.cpp","3576","CA5214336A6A0D7F7EB382AF793E24D44F2927F0D981F6F56A31DACD9399E634","08_TEST_EVIDENCE_RAW"
"08_TEST_EVIDENCE_RAW\docs\phase_reports\evidence\heap_diagnostic_orphan\HeapTrace.h","530","F4E1381971540B68FF0E051094A87D8D23D6CE8535A2DE0FF3D962D4C133B4B5","08_TEST_EVIDENCE_RAW"
"08_TEST_EVIDENCE_RAW\docs\phase_reports\evidence\heap_minimal_bisection_2026_09_28\capture_closeout_system_only.py","2655","C54EF3237635217FA70E4F37E1B5953D14E2DC1AFEA59CB973A798474C9DCC8C","08_TEST_EVIDENCE_RAW"
"08_TEST_EVIDENCE_RAW\docs\phase_reports\evidence\heap_minimal_bisection_2026_09_28\capture_current_provenance.py","3625","28420CA5AFE6282589AD47F85F8E93730E1C434A200432393E9426BAC69358E8","08_TEST_EVIDENCE_RAW"
"08_TEST_EVIDENCE_RAW\docs\phase_reports\evidence\heap_minimal_bisection_2026_09_28\capture_minimal_probe.py","5172","81912B606A7B3DD6B4DF833EC16DB0F109277E983CBBE9F36C9C3A016C78E39C","08_TEST_EVIDENCE_RAW"
"08_TEST_EVIDENCE_RAW\docs\phase_reports\evidence\heap_minimal_bisection_2026_09_28\capture_production_late_status.py","3287","6CE8583BFA4088CA69038073B2D22764B61A94DC061BE660E3A0916F5535F1C2","08_TEST_EVIDENCE_RAW"
"08_TEST_EVIDENCE_RAW\docs\phase_reports\evidence\heap_minimal_bisection_2026_09_28\capture_production_restore.py","5655","639DD978B17D88C256ED6E5000E8CBBE3ABB9B9ABE33E8BD6A62B69B4AF100D9","08_TEST_EVIDENCE_RAW"
"08_TEST_EVIDENCE_RAW\docs\phase_reports\evidence\heap_minimal_bisection_2026_09_28\closeout_latest_diagsystem.txt","925","266B9DE552FCFBDE9667AE9E53D4BF2950936EBC4E4125B48EE9473BE624C0F1","08_TEST_EVIDENCE_RAW"
"08_TEST_EVIDENCE_RAW\docs\phase_reports\evidence\heap_minimal_bisection_2026_09_28\current_provenance_capture.txt","985","63998E0698F8BA05B4982765CB4D383B8213CC3F3BCD9D9BE4B50BAA9E65264E","08_TEST_EVIDENCE_RAW"
"08_TEST_EVIDENCE_RAW\docs\phase_reports\evidence\heap_minimal_bisection_2026_09_28\diagnostic_flash_verify_commands.txt","2927","C5395DDD4B45254AFA335D65009B63125C9CB6004EC7348FC3F0E3B952F60AFC","08_TEST_EVIDENCE_RAW"
"08_TEST_EVIDENCE_RAW\docs\phase_reports\evidence\heap_minimal_bisection_2026_09_28\diagnostic_minimal_firmware.bin","1239904","3DCD3BCBD249377712F83E74A2133DE94400F55F15AB8073B3A10636A940104D","08_TEST_EVIDENCE_RAW"
"08_TEST_EVIDENCE_RAW\docs\phase_reports\evidence\heap_minimal_bisection_2026_09_28\diagnostic_minimal_map_sections.txt","94","3557A36F5E7DB60DD925B8B5931F6230111CCBF6247A799CA1A0FCAD95235C8A","08_TEST_EVIDENCE_RAW"
"08_TEST_EVIDENCE_RAW\docs\phase_reports\evidence\heap_minimal_bisection_2026_09_28\diagnostic_minimal_source.patch","1884","085B2127C882AE579247342E51D642E10D789FB3DF8CF3E7F1811E324E7333AC","08_TEST_EVIDENCE_RAW"
"08_TEST_EVIDENCE_RAW\docs\phase_reports\evidence\heap_minimal_bisection_2026_09_28\final_release_live_status.txt","726","EBE79B8B062BF667A0FFA1CCCD57F255F06E70E71103D9616E4E65DD70C0C7B5","08_TEST_EVIDENCE_RAW"
"08_TEST_EVIDENCE_RAW\docs\phase_reports\evidence\heap_minimal_bisection_2026_09_28\minimal_stable_idle_capture.txt","1196","7D7697EE366865BB1ED0CD344889571EF027993D5421D11D4F9F0A9AF2C43078","08_TEST_EVIDENCE_RAW"
"08_TEST_EVIDENCE_RAW\docs\phase_reports\evidence\heap_minimal_bisection_2026_09_28\production_restore_commands.txt","2953","A7138D6250C5CA42E9AD78A12D62B903578FB5069121FE59E0A34BF6BC9CC3AC","08_TEST_EVIDENCE_RAW"
"08_TEST_EVIDENCE_RAW\docs\phase_reports\evidence\heap_minimal_bisection_2026_09_28\production_restore_late_status.txt","960","DEE76C99A11B108BAF8D74DCF464198FE05DE3A5713090D54B551A90E9B2C5D4","08_TEST_EVIDENCE_RAW"
"08_TEST_EVIDENCE_RAW\docs\phase_reports\evidence\heap_minimal_bisection_2026_09_28\production_restore_live_capture.txt","1294","8B27E5A45EC5B4E8EC3D88D9258048702D8CF1042A2A92E329C3BD4CE3763A02","08_TEST_EVIDENCE_RAW"
"08_TEST_EVIDENCE_RAW\docs\phase_reports\evidence\heap_minimal_bisection_2026_09_28\production_restore_summary.txt","1221","C0D1741D3CCEB17335D9D0C7E4B1DE6673AC2111B2E0FCB071DDE36791893B6A","08_TEST_EVIDENCE_RAW"
"08_TEST_EVIDENCE_RAW\docs\phase_reports\evidence\line_friend_page\live-assets.json","102","1EDA355EC0B054ACB3407D90B5713E558990A7DBDCF852FF53CBF99BB9996C1B","08_TEST_EVIDENCE_RAW"
"08_TEST_EVIDENCE_RAW\docs\phase_reports\evidence\line_friend_page\management-browser.json","667","8433746E52A7159988B17934A2FCC7D1341D15B11ECAE805A1A6DBF2EF6BAE90","08_TEST_EVIDENCE_RAW"
"08_TEST_EVIDENCE_RAW\docs\phase_reports\evidence\line_friend_page\mobile-friend-page.png","27894","B3BDA329EDCB15C31A2E6002794338C2A49845C56ADB2858C30188FA02DF6F9F","08_TEST_EVIDENCE_RAW"
"08_TEST_EVIDENCE_RAW\docs\phase_reports\evidence\line_friend_page\nvs-preservation.json","683","0EA5229E6FCB5607850A2FF8FED0935380ECE6470DAFF040C5DB41A53B204CA1","08_TEST_EVIDENCE_RAW"
"08_TEST_EVIDENCE_RAW\docs\phase_reports\evidence\line_friend_page\post-flash.txt","671","FFB0AE55287860060F199BC2843282144840B5F838FECE9081BA5E84CFE7593E","08_TEST_EVIDENCE_RAW"
"08_TEST_EVIDENCE_RAW\docs\phase_reports\evidence\line_friend_page\pre-flash.txt","707","4CC909AFA21A9BCD28F53B1106F5870114F76D254D2F9988751A23DDC1BFD82C","08_TEST_EVIDENCE_RAW"
"08_TEST_EVIDENCE_RAW\docs\phase_reports\evidence\line_heap_2026_09_28\health_get_ap_transition.json","3495","3B8C96303BD08E32841640B4E3CBA54974BEEE50A5BF72B1D3624DD303B92437","08_TEST_EVIDENCE_RAW"
"08_TEST_EVIDENCE_RAW\docs\phase_reports\evidence\line_heap_2026_09_28\health_get_ap_transition_direct_sta.json","3619","C4EE252BEA501FFF59CF9FD7474A355E38E3BFDB51DFEF602E80AEFFC362C867","08_TEST_EVIDENCE_RAW"
"08_TEST_EVIDENCE_RAW\docs\phase_reports\evidence\line_heap_2026_09_28\idle_samples.json","12300","E9DCC78E491ABC5EE7482091A849F166AE87C66C2FA44C02674811934DC39A78","08_TEST_EVIDENCE_RAW"
"08_TEST_EVIDENCE_RAW\docs\phase_reports\evidence\line_heap_2026_09_28\page_gets_and_post_idle_samples.json","19596","48BAF7028BD04D294ED8325227E0D784B3F10146917D9AE5D19A9CED5BCF13CA","08_TEST_EVIDENCE_RAW"
"08_TEST_EVIDENCE_RAW\docs\phase_reports\evidence\line_heap_2026_09_28\PASSIVE_HEAP_BASELINE_2026-09-28.md","3787","0765DA03150A287FD8E9C35DA0C997FC121C4FC2C70DDCA3C252671A606B307C","08_TEST_EVIDENCE_RAW"
"08_TEST_EVIDENCE_RAW\docs\phase_reports\evidence\line_v1\build.txt","2168","94DBB5431A1F9ED2942BD74DC025F65953293259328243FCDE6F81044D89877E","08_TEST_EVIDENCE_RAW"
"08_TEST_EVIDENCE_RAW\docs\phase_reports\evidence\line_v1\final-state.txt","1000","4EA987D7F4FA300855A5D7A8F978BC3C33E400F68F9FA5B45FC34E8C8F20C918","08_TEST_EVIDENCE_RAW"
"08_TEST_EVIDENCE_RAW\docs\phase_reports\evidence\line_v1\flash.txt","4579","90D8A14ACFA045A280C063B14130BAB41FAD9017E58D28840DE92A64CC1ED4A2","08_TEST_EVIDENCE_RAW"
"08_TEST_EVIDENCE_RAW\docs\phase_reports\evidence\line_v1\line-host-tests.txt","1013","4120B7DB7773A7D12964B400688A369B344BEBA2E6B1C3AA62FF9F77A3CDFB9A","08_TEST_EVIDENCE_RAW"
"08_TEST_EVIDENCE_RAW\docs\phase_reports\evidence\line_v1\live-http.json","475","8E0AC84344EDF0F20E11E3D44C70A4DD76403BB3BFBA3D3DE51472B5BA2DE202","08_TEST_EVIDENCE_RAW"
"08_TEST_EVIDENCE_RAW\docs\phase_reports\evidence\line_v1\management-browser.json","524","3493F4BB96883917AA219D9EF865F551C8529F5A375C09307770D51277732207","08_TEST_EVIDENCE_RAW"
"08_TEST_EVIDENCE_RAW\docs\phase_reports\evidence\line_v1\nvs-preservation.json","587","83FAD7AEE68796938A401D7C4B80E4F037A20141285DFCC3CFA194EDC1962A33","08_TEST_EVIDENCE_RAW"
"08_TEST_EVIDENCE_RAW\docs\phase_reports\evidence\line_v1\nvs-read.txt","992","A80AB2F2F8C9B0C8A4F4387F2AAC9D79C4FD2C26961BDE982542AA01ACD2E685","08_TEST_EVIDENCE_RAW"
"08_TEST_EVIDENCE_RAW\docs\phase_reports\evidence\line_v1\otadata-live.bin","8192","F94C5D786A7A8FAB06AC5D10E33BF37711A6697636DC037559EA19CC410A17F0","08_TEST_EVIDENCE_RAW"
"08_TEST_EVIDENCE_RAW\docs\phase_reports\evidence\line_v1\partition-live.bin","4096","F3134B747FEF242287F33AA0BE8A5008958132E0C7611F5BC5BB917C02C9E397","08_TEST_EVIDENCE_RAW"
"08_TEST_EVIDENCE_RAW\docs\phase_reports\evidence\line_v1\post-flash.txt","1832","56C85E805CD6D7885DD25000C1A4D94B52968E8D701E9E5D8CDE7E35D7B46EA2","08_TEST_EVIDENCE_RAW"
"08_TEST_EVIDENCE_RAW\docs\phase_reports\evidence\line_v1\pre-flash.txt","909","5A3560AC93ADD1CA2093FC40D7AFD40D56F88DE0FCDDD3899B5A6DA090B3B601","08_TEST_EVIDENCE_RAW"
"08_TEST_EVIDENCE_RAW\docs\phase_reports\evidence\line_v1\regression.json","1167","3A0045F15B47FE3992C38C5650E6AA51FB441BB1E727DDD63C7C5C52D7FA879F","08_TEST_EVIDENCE_RAW"
"08_TEST_EVIDENCE_RAW\docs\phase_reports\evidence\line_v1\regression.txt","5794","1F0CF9851E9A6CD038026588965419DAC9862605EF2D7DA40A40C3B40CE9150D","08_TEST_EVIDENCE_RAW"
"08_TEST_EVIDENCE_RAW\docs\phase_reports\evidence\line_v1\source-review.json","434","32769AAD7885361B1A113FEBD0CD48D2B4BEED8EBCD6B5052D186BA4FA818A3E","08_TEST_EVIDENCE_RAW"
"08_TEST_EVIDENCE_RAW\docs\phase_reports\evidence\line_v1\tls-root.json","267","BCD2C672DFF17A980B72324463772E3F853B3C47BDF5A464C75761BCB48F9379","08_TEST_EVIDENCE_RAW"
"08_TEST_EVIDENCE_RAW\docs\phase_reports\evidence\line_v2\build.txt","2161","FBC9822767CFB27D7A72854977D4B36657E93E98333AC3B777F94BC5F02E1C60","08_TEST_EVIDENCE_RAW"
"08_TEST_EVIDENCE_RAW\docs\phase_reports\evidence\line_v2\core-tests.txt","1013","FAEDDCF725523B1662C6835032FC4C60BDB003F85EBA956F3B0236FCA16CBD36","08_TEST_EVIDENCE_RAW"
"08_TEST_EVIDENCE_RAW\docs\phase_reports\evidence\line_v2\final-state.txt","500","700FAC3A3ADE4A2489AF18B86063DEE7A6744D8B02A19F772AE454F79DACCED5","08_TEST_EVIDENCE_RAW"
"08_TEST_EVIDENCE_RAW\docs\phase_reports\evidence\line_v2\flash.txt","4581","8A6668959C59F43B3EDC7273AD88029C6FC4F32B33861C2D5BF74B4A8FB92EFD","08_TEST_EVIDENCE_RAW"
"08_TEST_EVIDENCE_RAW\docs\phase_reports\evidence\line_v2\live-http.json","574","4C58644B17387F6C9C4E63AB651A56523B1E50B8A41186C03AB49654D6F18F6B","08_TEST_EVIDENCE_RAW"
"08_TEST_EVIDENCE_RAW\docs\phase_reports\evidence\line_v2\management-browser.json","596","80EEDB96CE89D9A99D83C72950C3FCC489DA9E05CD69BBFB06D7AB9F2BFDFFB4","08_TEST_EVIDENCE_RAW"
"08_TEST_EVIDENCE_RAW\docs\phase_reports\evidence\line_v2\nvs-preservation.json","587","83FAD7AEE68796938A401D7C4B80E4F037A20141285DFCC3CFA194EDC1962A33","08_TEST_EVIDENCE_RAW"
"08_TEST_EVIDENCE_RAW\docs\phase_reports\evidence\line_v2\nvs-read-after.txt","989","BA6B30F0580831E8F1B03F13F1FDECF907C55761B76744D319D5427D6F6D6754","08_TEST_EVIDENCE_RAW"
"08_TEST_EVIDENCE_RAW\docs\phase_reports\evidence\line_v2\nvs-read-before.txt","997","8644961EF405C7859098584B18FB6ACB55CA4DDC65E01B870A9F52C9F028E0EB","08_TEST_EVIDENCE_RAW"
"08_TEST_EVIDENCE_RAW\docs\phase_reports\evidence\line_v2\post-flash.txt","1853","80FE1B5177B838FBF4F981C13B5DF8E70C8D384324FE3769F5B0D8097A0302EC","08_TEST_EVIDENCE_RAW"
"08_TEST_EVIDENCE_RAW\docs\phase_reports\evidence\line_v2\pre-flash.txt","752","AE7FA195A7F05CF4AEAC946B2BAFC7BC32D0305DB7A9EBEAE3EEB01F5CBD019B","08_TEST_EVIDENCE_RAW"
"08_TEST_EVIDENCE_RAW\docs\phase_reports\evidence\line_v2\regression.json","1066","3E7C9CC0804FB039BEDE76CBA09FF9A88C95C807F8938B32F05FBAE7A428687C","08_TEST_EVIDENCE_RAW"
"08_TEST_EVIDENCE_RAW\docs\phase_reports\evidence\line_v2\regression.txt","5231","AC9FDC2B85C6764764939587A54E920512C8C06340C212251B713F5C7FD7E3DB","08_TEST_EVIDENCE_RAW"
"08_TEST_EVIDENCE_RAW\docs\phase_reports\evidence\line_v2\source-review.json","300","8CD9FAA498066FB6306B9F3105B35D18877B44282FF43CADF12F88CA3B6B3406","08_TEST_EVIDENCE_RAW"
"08_TEST_EVIDENCE_RAW\docs\phase_reports\evidence\line_v2_physical\admin-preview.png","6125","46E45617930EC4D9830DF3400AA99432CC625EFF01B031400D0A3B047B71DE56","08_TEST_EVIDENCE_RAW"
"08_TEST_EVIDENCE_RAW\docs\phase_reports\evidence\line_v2_physical\build.txt","2516","6916612F5F9A0D2B3803E67283BA5299DF3B00A0EAD1F0C253C2D1478CC12FC9","08_TEST_EVIDENCE_RAW"
"08_TEST_EVIDENCE_RAW\docs\phase_reports\evidence\line_v2_physical\core-tests.txt","1025","21C1BC3F172E88F62BED77E55D275DCA2FC64AD9489474D1B1497332942D1EE7","08_TEST_EVIDENCE_RAW"
"08_TEST_EVIDENCE_RAW\docs\phase_reports\evidence\line_v2_physical\deployment.json","273","CBB32466FA59AFF5E29B4028F60818CAE3044404A4C2F56372D4D18AC64EEF70","08_TEST_EVIDENCE_RAW"
"08_TEST_EVIDENCE_RAW\docs\phase_reports\evidence\line_v2_physical\final-locked.txt","550","36C1FACF70DE1CBF824CCFA2E44CBE9CCCF08D6B09399FFDCCE1BDFC71A6963E","08_TEST_EVIDENCE_RAW"
"08_TEST_EVIDENCE_RAW\docs\phase_reports\evidence\line_v2_physical\host-tests.txt","1307","964875B6AC49BFE2D7E987EEDAB650E0B92CFA87A7333DB9F990ECDAA56461A8","08_TEST_EVIDENCE_RAW"
"08_TEST_EVIDENCE_RAW\docs\phase_reports\evidence\line_v2_physical\line-tls-stack-fix.txt","803","C417E632CDFB12E0F985118D0E807677C36383B334499EAF3CAF7333AFB211DF","08_TEST_EVIDENCE_RAW"
"08_TEST_EVIDENCE_RAW\docs\phase_reports\evidence\line_v2_physical\live-http.json","574","765AB8BD2A8045AF94E46E6EB9599F2F512CF2FE0684102372C823DCCAA9BFD9","08_TEST_EVIDENCE_RAW"
"08_TEST_EVIDENCE_RAW\docs\phase_reports\evidence\line_v2_physical\local-session-check.json","669","DC0495EA8C010DC7308CA1D44C13027FE9C278BA36F314809EF2ABAA3B2694BD","08_TEST_EVIDENCE_RAW"
"08_TEST_EVIDENCE_RAW\docs\phase_reports\evidence\line_v2_physical\management-browser.json","588","EFA844C2C6ECEC3FDE06EE3B875F01C620D3C1DA092B56AC9BB98B8251981B21","08_TEST_EVIDENCE_RAW"
"08_TEST_EVIDENCE_RAW\docs\phase_reports\evidence\line_v2_physical\nvs-preservation.json","587","83FAD7AEE68796938A401D7C4B80E4F037A20141285DFCC3CFA194EDC1962A33","08_TEST_EVIDENCE_RAW"
"08_TEST_EVIDENCE_RAW\docs\phase_reports\evidence\line_v2_physical\nvs-read-before.txt","1024","1FE69288206BF5F2671CBB7F113945111F865C471D1107089C7F4D081CAA62DC","08_TEST_EVIDENCE_RAW"
"08_TEST_EVIDENCE_RAW\docs\phase_reports\evidence\line_v2_physical\post-flash.txt","1895","66D72520A6579127A688720F9BB1A33FEAFEF04D76191E49A41AA16AF08A8EEB","08_TEST_EVIDENCE_RAW"
"08_TEST_EVIDENCE_RAW\docs\phase_reports\evidence\line_v2_physical\pre-flash.txt","754","DC65590FD26543592D58D2EF4EF3B3529DCBE483FFE04471440B2F8C14547677","08_TEST_EVIDENCE_RAW"
"08_TEST_EVIDENCE_RAW\docs\phase_reports\evidence\line_v2_physical\preservation-regression.json","480","2459D0E570806A9CE3B24DEC9B473C14BFD44B3F9F52327435F5024F2182396A","08_TEST_EVIDENCE_RAW"
"08_TEST_EVIDENCE_RAW\docs\phase_reports\evidence\line_v2_physical\preservation-regression.txt","1620","22CF97AAD9568B9A19995246F9103406B36E43D0D25A9A15FBC4F90DC8A64B79","08_TEST_EVIDENCE_RAW"
"08_TEST_EVIDENCE_RAW\docs\phase_reports\evidence\line_v2_physical\real-line-provisioning.txt","2702","84E400B2F28932A6E9E2CACA7A082BA69E31E8181B8E5B301A19B5AA1F15CB2A","08_TEST_EVIDENCE_RAW"
"08_TEST_EVIDENCE_RAW\docs\phase_reports\evidence\line_v2_physical\real-line-test.txt","1098","7183C3011E6DE93F949779CDE87EA7AAF2D75372154CAA4C75F6CFF408EED860","08_TEST_EVIDENCE_RAW"
"08_TEST_EVIDENCE_RAW\docs\phase_reports\evidence\line_v2_physical\usb-tests.txt","702","F765E85571FEB8D016151DF5B9264A72A7531B39E5C1DFBDFA89A5F256383A97","08_TEST_EVIDENCE_RAW"
"08_TEST_EVIDENCE_RAW\docs\phase_reports\evidence\line_web_admin\live-http.json","196","F2ADC9FF1C113637AFF20187DF8262DB0C837B50A140C4F250878143E8C496EC","08_TEST_EVIDENCE_RAW"
"08_TEST_EVIDENCE_RAW\docs\phase_reports\evidence\line_web_admin\management-browser.json","766","8FEF7E99456AA73727603BC4C79D11885D771E34F197827BF7F194C5962897AF","08_TEST_EVIDENCE_RAW"
"08_TEST_EVIDENCE_RAW\docs\phase_reports\evidence\line_web_admin\mobile-friend-page.png","29046","6CB3756E30224F839A2754A54AA6705D0B1413AAF87E603CF502D2FD09C7D2B0","08_TEST_EVIDENCE_RAW"
"08_TEST_EVIDENCE_RAW\docs\phase_reports\evidence\line_web_admin\nvs-preservation.json","683","0EA5229E6FCB5607850A2FF8FED0935380ECE6470DAFF040C5DB41A53B204CA1","08_TEST_EVIDENCE_RAW"
"08_TEST_EVIDENCE_RAW\docs\phase_reports\evidence\line_web_admin\post-auth.txt","253","260906D64897902DADBF1B2137BC6A8B2AE0EA183BFF9DBB4D2901332DC3997F","08_TEST_EVIDENCE_RAW"
"08_TEST_EVIDENCE_RAW\docs\phase_reports\evidence\line_web_admin\post-flash.txt","901","52598B3C9F3519D42035B34FD2643FD5D61EA44453EE4CD414246F3094C3CFDD","08_TEST_EVIDENCE_RAW"
"08_TEST_EVIDENCE_RAW\docs\phase_reports\evidence\line_web_admin\pre-flash.txt","671","29BB6DCF14D1C65E45425DACACAD16BF509AD0D9FDBE6528E239459C491ABAD0","08_TEST_EVIDENCE_RAW"
"08_TEST_EVIDENCE_RAW\docs\phase_reports\evidence\local_fallback\attempt1-dns-after.json","245","FD6DE411962899C848069758632ED88F3A98780259E195F76B8B4917641DEBC2","08_TEST_EVIDENCE_RAW"
"08_TEST_EVIDENCE_RAW\docs\phase_reports\evidence\local_fallback\attempt1-lan-health-after.json","563","6E00CDAF73F23DA7CD706A78D8FDDD56DC8A847899DB239A36A3F35A7C8A90E2","08_TEST_EVIDENCE_RAW"
"08_TEST_EVIDENCE_RAW\docs\phase_reports\evidence\local_fallback\attempt1-post-flash.txt","925","1805E5F9D0217E75D6553B45D68D45B5F88E1E8097BF183593BF7DA7134360B6","08_TEST_EVIDENCE_RAW"
"08_TEST_EVIDENCE_RAW\docs\phase_reports\evidence\local_fallback\attempt1-post-soak.txt","671","CEECEB94499EE0DB5A94C9F72D828E617ADC198162839C381297C64C453B04A1","08_TEST_EVIDENCE_RAW"
"08_TEST_EVIDENCE_RAW\docs\phase_reports\evidence\local_fallback\build.json","185","ECE5D0D5CCEF4E3E8F9121FE84213B145D1670E206F7D989562E15ECE1D2F8B0","08_TEST_EVIDENCE_RAW"
"08_TEST_EVIDENCE_RAW\docs\phase_reports\evidence\local_fallback\dns-after.json","415","4127F49BC497BC9D9ECE445E40A13B216D20B7259C27969952ED987DD87D9BD7","08_TEST_EVIDENCE_RAW"
"08_TEST_EVIDENCE_RAW\docs\phase_reports\evidence\local_fallback\lan-health-after.json","404","9834779B301D227D67765C66FF0A13C42B7D0E0BD386277889C37D0B4E9FFB80","08_TEST_EVIDENCE_RAW"
"08_TEST_EVIDENCE_RAW\docs\phase_reports\evidence\local_fallback\lan-health-before.json","31","68142E979E3B0860EC827998CD075AC20E34DEDCCEF97843D7293DE327158133","08_TEST_EVIDENCE_RAW"
"08_TEST_EVIDENCE_RAW\docs\phase_reports\evidence\local_fallback\lan-health-stable.json","403","E652DE26147ECF1F4D1E6958D574BC0F27C1FFF289F2175AF2C2D9334B886DEB","08_TEST_EVIDENCE_RAW"
"08_TEST_EVIDENCE_RAW\docs\phase_reports\evidence\local_fallback\layout-preview.png","15927","E133AC716025677CB1CE2479D2B16292738BAE2C2460C657F556437A1DB039D9","08_TEST_EVIDENCE_RAW"
"08_TEST_EVIDENCE_RAW\docs\phase_reports\evidence\local_fallback\mobile-origin.json","316","D0A00A7162A5FE456E5DFC76DFC131C84E7BCFA6FD5979535F91A191EE808F01","08_TEST_EVIDENCE_RAW"
"08_TEST_EVIDENCE_RAW\docs\phase_reports\evidence\local_fallback\nvs-preservation.json","683","0EA5229E6FCB5607850A2FF8FED0935380ECE6470DAFF040C5DB41A53B204CA1","08_TEST_EVIDENCE_RAW"
"08_TEST_EVIDENCE_RAW\docs\phase_reports\evidence\local_fallback\post-flash.txt","925","055B2467233227E1C61C5F48244187E8E5C2A11867EFA096CA7183ECDC5DDB11","08_TEST_EVIDENCE_RAW"
"08_TEST_EVIDENCE_RAW\docs\phase_reports\evidence\local_fallback\post-reboot-system.txt","671","484231D72D4B8C40E084623D60C1054DC2EF4C7CD11E2AC1DECAB807913A5E8D","08_TEST_EVIDENCE_RAW"
"08_TEST_EVIDENCE_RAW\docs\phase_reports\evidence\local_fallback\pre-flash.txt","803","1DE214B036B4138C4502496E64ED2E84D4399E07EDCB65D84CE8A769B3AB79C1","08_TEST_EVIDENCE_RAW"
"08_TEST_EVIDENCE_RAW\docs\phase_reports\evidence\management_trim\after.txt","1462","095452464A229AE6716E49FE88B5CA6F0B6DAC1E2A6BB0E9CF5FA394CD5B5505","08_TEST_EVIDENCE_RAW"
"08_TEST_EVIDENCE_RAW\docs\phase_reports\evidence\management_trim\before.txt","191","DFFEEDEC458EDA5D2CD9521362A4E42F714DE6A5D70857E5A3E1DBDF91D415A5","08_TEST_EVIDENCE_RAW"
"08_TEST_EVIDENCE_RAW\docs\phase_reports\evidence\management_trim\build.json","194","283BC482710DB38F05B2DB7C4B9E51B9E5F2F95B451DF97F51E603B80D04C8F7","08_TEST_EVIDENCE_RAW"
"08_TEST_EVIDENCE_RAW\docs\phase_reports\evidence\phase13\baseline-auth.txt","384","D901C66FE11F57BE98274830F317D3D9432E88A3A9A01BBE26F9935DD7DC84F6","08_TEST_EVIDENCE_RAW"
"08_TEST_EVIDENCE_RAW\docs\phase_reports\evidence\phase13\build-manifest.json","266","24536ED4C444E32FE316EDED341C35D18D625B2942136A340D2F53976E0D0526","08_TEST_EVIDENCE_RAW"
"08_TEST_EVIDENCE_RAW\docs\phase_reports\evidence\phase13\com6-flash.txt","5265","F41945A1B85BBF5645C7ECE809BD3EFF325BBECADB690B2A0C3BE2EABE5A2240","08_TEST_EVIDENCE_RAW"
"08_TEST_EVIDENCE_RAW\docs\phase_reports\evidence\phase13\final-boot-crypto-auth.txt","2539","0D5DE89DA25F9140193C2A94C4470C046C2BD58D0D94B8925F8081476A260DC7","08_TEST_EVIDENCE_RAW"
"08_TEST_EVIDENCE_RAW\docs\phase_reports\evidence\phase13\final-build.txt","2271","6994E6FAEB3EBCD6D8698220EF8036D1B3AB3FAF2F8C9169980E92B05FDC7F89","08_TEST_EVIDENCE_RAW"
"08_TEST_EVIDENCE_RAW\docs\phase_reports\evidence\phase13\final-com6-flash.txt","5264","A7860367DD5ECE7B11CAC678A3F1606A0BAA68D4D81ECF94AE0EF9CEA719E5BD","08_TEST_EVIDENCE_RAW"
"08_TEST_EVIDENCE_RAW\docs\phase_reports\evidence\phase13\first-boot.txt","1767","9988A6F25D671FC0008E8F4CB67305D2D01131B0D0229218C3AEA7FAF81C2D8F","08_TEST_EVIDENCE_RAW"
"08_TEST_EVIDENCE_RAW\docs\phase_reports\evidence\phase13\full-build.txt","10583","4AA6FACB4751D95E7477A32FE121EC6199E82891255BB55F0BF456F71353F8C6","08_TEST_EVIDENCE_RAW"
"08_TEST_EVIDENCE_RAW\docs\phase_reports\evidence\phase13\live-http-negative.txt","63","1FB909D87EDD4FF87A8E8AFEE22463ADA48A223880DD73E653613A9946A48C71","08_TEST_EVIDENCE_RAW"
"08_TEST_EVIDENCE_RAW\docs\phase_reports\evidence\phase13\post-http-auth.txt","384","CD2B7DABA4BC44F40BEA3277E7E25A569C36274E0BD4AE01575D98A6F4158B65","08_TEST_EVIDENCE_RAW"
"08_TEST_EVIDENCE_RAW\docs\phase_reports\evidence\phase13\production-otadata.bin","8192","F94C5D786A7A8FAB06AC5D10E33BF37711A6697636DC037559EA19CC410A17F0","08_TEST_EVIDENCE_RAW"
"08_TEST_EVIDENCE_RAW\docs\phase_reports\evidence\phase13\production-partitions.bin","4096","F3134B747FEF242287F33AA0BE8A5008958132E0C7611F5BC5BB917C02C9E397","08_TEST_EVIDENCE_RAW"
"08_TEST_EVIDENCE_RAW\docs\phase_reports\evidence\phase13\windows-health.json","197","B0B845667C165F5D433606B132DE2FB22359E2330C3B7518F987B0BF9722952A","08_TEST_EVIDENCE_RAW"
"08_TEST_EVIDENCE_RAW\docs\phase_reports\evidence\product_cleanup\after-boot.txt","1654","AC6ACA3F75C62E4B794751C35D70C47BF5DF113987E49E272EA1D2A3DF5ABC6F","08_TEST_EVIDENCE_RAW"
"08_TEST_EVIDENCE_RAW\docs\phase_reports\evidence\product_cleanup\before-boot.txt","1832","992CCEA19D1E84150CB2710C36BDBFE357F7500DF62BB6891BA08698160E54E5","08_TEST_EVIDENCE_RAW"
"08_TEST_EVIDENCE_RAW\docs\phase_reports\evidence\product_cleanup\build.json","285","D59CAAF3433144126F079BBAEA46E2E1D79210A0F0F7D13AE88933E296200361","08_TEST_EVIDENCE_RAW"
"08_TEST_EVIDENCE_RAW\docs\phase_reports\evidence\product_cleanup\http.json","1911","422FEC442CB0D40F9AE3539A993E6B44C6619B41BD09037CD0368062B3F7DA8A","08_TEST_EVIDENCE_RAW"
"08_TEST_EVIDENCE_RAW\docs\phase_reports\evidence\setup_simplification\boot.txt","1158","FDFBA119F2392CE6010422D41FD2F4B5F24604D499904C575EAB25224F0483FD","08_TEST_EVIDENCE_RAW"
"08_TEST_EVIDENCE_RAW\docs\phase_reports\evidence\setup_simplification\build.json","194","6EE2F6AF75952732771CE17E444CBEB000FB3EC51910801156151A4DD3BE55AC","08_TEST_EVIDENCE_RAW"
"08_TEST_EVIDENCE_RAW\docs\phase_reports\evidence\stale_enrollment\after.txt","1462","7AFC3E090B4051ADE7E89A8CA7EC908A92ADCA58FAA72CDBCA9B3E72A4D396E3","08_TEST_EVIDENCE_RAW"
"08_TEST_EVIDENCE_RAW\docs\phase_reports\evidence\stale_enrollment\before.txt","192","A5A541915B480DA1BCCBC8DDD6D39A7469C3A1BA4D7250732B9390515A85E0C1","08_TEST_EVIDENCE_RAW"
"08_TEST_EVIDENCE_RAW\docs\phase_reports\evidence\stale_enrollment\build.json","194","B6E808CF06190B84FD878493C5A12B5B9CE603C481ED1D7565585A8F9DA9CC92","08_TEST_EVIDENCE_RAW"
"08_TEST_EVIDENCE_RAW\docs\phase_reports\evidence\stale_enrollment\http.json","122","3F60EE56323CA26B194AE741F594B76BDA7B6832540488E5AD42694DAA1B030C","08_TEST_EVIDENCE_RAW"
"09_GIT_AND_RELEASE_HISTORY\accepted_commit_full_show.txt","12758","A2A2AE4943AADC91A238ABC579AC6984BE2CAFC89109FBA5B3F3C530D86D3E84","09_GIT_AND_RELEASE_HISTORY"
"09_GIT_AND_RELEASE_HISTORY\accepted_commit_show.txt","651","E959BBE5C0A08CE42C637049CC1503E5B4C4B868BF21DFA6AFCAA91FB2FA7812","09_GIT_AND_RELEASE_HISTORY"
"09_GIT_AND_RELEASE_HISTORY\DEVELOPMENT_TIMELINE.md","6665","91EC12D6E45152A88F366A5DD3DC8B654F6802F3EE27100CEE6E8BBB8D82B003","09_GIT_AND_RELEASE_HISTORY"
"09_GIT_AND_RELEASE_HISTORY\git_branches.txt","81","4F339D07F42877FCCDF0F717A5C60D5D2095BF277A0AE7992C3230403CD4F229","09_GIT_AND_RELEASE_HISTORY"
"09_GIT_AND_RELEASE_HISTORY\git_log_graph_oneline_decorate_all.txt","4548","78DFDBE1AAD3F8F97D586B2ED1E3D1A89C9A20836CC937909338903E2E49B425","09_GIT_AND_RELEASE_HISTORY"
"09_GIT_AND_RELEASE_HISTORY\git_log_oneline_decorate_all.txt","4432","FB62423DEE4345F6D83CF8D788910EEFDA09B07EB2DFB922184EBCC08DB1C42F","09_GIT_AND_RELEASE_HISTORY"
"09_GIT_AND_RELEASE_HISTORY\git_status_at_archive.txt","1596","34A12318FA856241002716A2002D111AE0473AEA7532BF96114962BA80A444C7","09_GIT_AND_RELEASE_HISTORY"
"09_GIT_AND_RELEASE_HISTORY\git_tags.txt","1081","79C72FE3A7FCCD46ED0679F5AEEB8F1F626639445A6F25F87E3A30774E6F244E","09_GIT_AND_RELEASE_HISTORY"
"09_GIT_AND_RELEASE_HISTORY\IMPORTANT_COMMITS.md","13891","7F0B24B6EEEF0C49BE4A79AB7B959D631D6CD24C6D87F13F55FBAAB19B6D858E","09_GIT_AND_RELEASE_HISTORY"
"09_GIT_AND_RELEASE_HISTORY\accepted_firmware\firmware.bin","1238752","084227E2E77994AE21B773E253C209B8BA49B897354B3969A5F76F328CB06BE9","09_GIT_AND_RELEASE_HISTORY"
"09_GIT_AND_RELEASE_HISTORY\clean_rebuild_validation\CLEAN_BUILD_FIRMWARE_HASH.txt","120","CF742E3FD59F02954225DFE28166D40FA4208DB63184B20B287BACF686BB5101","09_GIT_AND_RELEASE_HISTORY"
"09_GIT_AND_RELEASE_HISTORY\clean_rebuild_validation\CLEAN_BUILD_VALIDATION.md","1264","BBD4F286FDD552E12C50B61356CB34CCC47BE19C2C63A7BF5C9FA4EF3196E9FC","09_GIT_AND_RELEASE_HISTORY"
"09_GIT_AND_RELEASE_HISTORY\clean_rebuild_validation\firmware_clean_rebuild.bin","1238752","084227E2E77994AE21B773E253C209B8BA49B897354B3969A5F76F328CB06BE9","09_GIT_AND_RELEASE_HISTORY"
"09_GIT_AND_RELEASE_HISTORY\clean_rebuild_validation\firmware_clean_rebuild.elf","18438232","2A75ABC14806159EE92EF65A482AB1D4E1494F575945888E05EFB870C65B1BDE","09_GIT_AND_RELEASE_HISTORY"
"09_GIT_AND_RELEASE_HISTORY\clean_rebuild_validation\firmware_clean_rebuild.map","14366614","0D0C345F502ADCFE238BEC5CFC52036A0D62E261BE5357F2C9F296DFF1A49D88","09_GIT_AND_RELEASE_HISTORY"
"09_GIT_AND_RELEASE_HISTORY\clean_rebuild_validation\pio_run_offline.log","3292","520C9C9C77D913749C88B286086FF3139C0668B36D9298EB0B775857BE25D56C","09_GIT_AND_RELEASE_HISTORY"
"10_HARDWARE_AND_CONFIGURATION\FINAL_HARDWARE_AND_CONFIGURATION.md","2948","A3DD9A063466AA5FBBF0763F9B662008F163AE95B87B9217C2E76838C60F8127","10_HARDWARE_AND_CONFIGURATION"
"11_IMAGES_AND_SCREENSHOTS\IMAGE_INDEX.md","1107","5B8B10D0492A41276479C13B2DDA05FDEED238C6B8B5375621DDECC0CAD8118D","11_IMAGES_AND_SCREENSHOTS"
"11_IMAGES_AND_SCREENSHOTS\docs\phase_reports\evidence\google_one_click\final-gap-management-connected.png","52468","4AA38F821781AF1726F23377B88CE8A14D21149C906F05544E429F12B0396D83","11_IMAGES_AND_SCREENSHOTS"
"11_IMAGES_AND_SCREENSHOTS\docs\phase_reports\evidence\google_one_click\final-gap-recovered-single-row.png","51515","E313BEDCE26A5C30F3D91FA62D1F924B8F2C38D8C6583ED7BAD28FED70C6CC1C","11_IMAGES_AND_SCREENSHOTS"
"11_IMAGES_AND_SCREENSHOTS\docs\phase_reports\evidence\line_friend_page\mobile-friend-page.png","27894","B3BDA329EDCB15C31A2E6002794338C2A49845C56ADB2858C30188FA02DF6F9F","11_IMAGES_AND_SCREENSHOTS"
"11_IMAGES_AND_SCREENSHOTS\docs\phase_reports\evidence\line_v2_physical\admin-preview.png","6125","46E45617930EC4D9830DF3400AA99432CC625EFF01B031400D0A3B047B71DE56","11_IMAGES_AND_SCREENSHOTS"
"11_IMAGES_AND_SCREENSHOTS\docs\phase_reports\evidence\line_web_admin\mobile-friend-page.png","29046","6CB3756E30224F839A2754A54AA6705D0B1413AAF87E603CF502D2FD09C7D2B0","11_IMAGES_AND_SCREENSHOTS"
"11_IMAGES_AND_SCREENSHOTS\docs\phase_reports\evidence\local_fallback\layout-preview.png","15927","E133AC716025677CB1CE2479D2B16292738BAE2C2460C657F556437A1DB039D9","11_IMAGES_AND_SCREENSHOTS"
"12_MISC_REFERENCE\UNCLASSIFIED_INDEX.md","1476","3C22A3176BB854F47A12F2743226029370644D2479B6331BC96B1B69A109982D","12_MISC_REFERENCE"
"12_MISC_REFERENCE\docs\DATABASE_SCHEMA.md","3217","5F0A4A77717676631F7BD9B77C0ECE966ECFE53CA94401A3625880B21600A7EA","12_MISC_REFERENCE"
"12_MISC_REFERENCE\docs\HARDWARE_BASELINE.md","4524","1F8F5F7EA40B03C48F2F795133AB81029AA3CD9AFCA3AE0108643F09867E25EA","12_MISC_REFERENCE"
"12_MISC_REFERENCE\docs\PRODUCT_SCOPE.md","2332","F14CB2EB8311FDD8F2CBA2D3FA62B384551859BDEF394EA7C41F1DE1DE8FA8AF","12_MISC_REFERENCE"
"12_MISC_REFERENCE\project_root\.gitignore","25","D56F41086AD696299617BA450D538BFBCA74AE2C8198F57C6FAA182C437B8AC1","12_MISC_REFERENCE"
"12_MISC_REFERENCE\project_root\monitor_once.py","372","4B8F69109544CAC2A7F19D8B34B230CE0BB7D875464D75105744950B318C405A","12_MISC_REFERENCE"
"12_MISC_REFERENCE\project_root\platformio.ini","561","A08EE1CCBFF93D4AF497A0F8FCE59A02EDBC6D0C6B426925383674B283020DEE","12_MISC_REFERENCE"
"12_MISC_REFERENCE\project_root\README.md","3081","CECA14BD28A886680C968A847377D75933F43E7F7C6950D342D473C0D1F1F75A","12_MISC_REFERENCE"
"12_MISC_REFERENCE\project_support\reset_tool\platformio.ini","124","8EF4B4B6CF029EDFB0302C7A862A90404436A53E4A243197534D3B874FA76CE8","12_MISC_REFERENCE"
"12_MISC_REFERENCE\project_support\reset_tool\src\main.cpp","2251","0C105FF50765737CB3F1CA1403807860BF935157D94EA995AD815F20114B210B","12_MISC_REFERENCE"
"12_MISC_REFERENCE\project_support\scripts\audit_serial_probe.py","1673","E7748E37736E5FFC9B32C14BEDD1FDD3A6920A93662BC777549DFEFB490A4862","12_MISC_REFERENCE"
"12_MISC_REFERENCE\project_support\scripts\canonical_ap_probe.py","5265","28A15F32AFD1093C07AA4DD3FBDD627980352C54B8ADF651F495C22A1AC27518","12_MISC_REFERENCE"
"12_MISC_REFERENCE\project_support\scripts\canonical_lan_probe.py","2972","E9338572B857760A7442D3612ED41492FB3C2CD3A2DDBEB45278079408897646","12_MISC_REFERENCE"
"12_MISC_REFERENCE\project_support\scripts\canonical_layer_probe.py","11122","78EF31D71D5B667CC6199B22E6010105B5DA02BBB7C9E6EC5D12699B31761B5D","12_MISC_REFERENCE"
"12_MISC_REFERENCE\project_support\scripts\canonical_mdns_matrix.py","7391","87FA141DABBF2484F10B9AA338ECEF40D8B0EFF804B8AF4B504E4C2037E495D8","12_MISC_REFERENCE"
"12_MISC_REFERENCE\project_support\scripts\canonical_runtime_probe.py","1965","86F6A985A24281DB3EAE05CF720C419B4FC6CFFF465E5B3CE9ADE8D3E8199801","12_MISC_REFERENCE"
"12_MISC_REFERENCE\project_support\scripts\compare_private_nvs.py","2372","6C856E192A25416F78D38E299A21477C38C7022A06D53F9C8530229FA8DFC040","12_MISC_REFERENCE"
"12_MISC_REFERENCE\project_support\scripts\defect_fix_readonly_probe.py","4005","5D9B04DB830021581FEC6F8575BCFC573559825D509E40DFDBBA426E82CF2EFF","12_MISC_REFERENCE"
"12_MISC_REFERENCE\project_support\scripts\defect_fix_serial_evidence.py","1322","A11FF2F92438A3C68EEA08D01F591A6BE7E0466CCB4F21EB533D48C82CF64D43","12_MISC_REFERENCE"
"12_MISC_REFERENCE\project_support\scripts\identity_serial_inspect.py","831","CD9E374FABA5C78D818999386D95AAB84755803A6CF7053E3B4AA333C925C6B9","12_MISC_REFERENCE"
"12_MISC_REFERENCE\project_support\scripts\lan_phone2_preflight.py","2026","0CEE7AF9F359C17ECF82C733C3AC95307C50AA386A39B02D824822293BDAA470","12_MISC_REFERENCE"
"12_MISC_REFERENCE\project_support\scripts\phase13_backup_diagnostic.py","669","F396CA8C228D525B141FBC183DEDF1A37A1EDACF498B872A290EF7326E58B30F","12_MISC_REFERENCE"
"12_MISC_REFERENCE\project_support\scripts\phase4_network_test.ps1","3911","A9FEE45292775BBA3224CDF9661AF66B80F3D52D32E88E577DB92A500760B6CD","12_MISC_REFERENCE"
"12_MISC_REFERENCE\project_support\scripts\phase5_preflight_test.ps1","3432","C167AF5BE9B5B522586E4D9D7871BF913D1A213EFB8D761339674E86EDFAF19C","12_MISC_REFERENCE"
"12_MISC_REFERENCE\project_support\scripts\phase5_wizard_smoke.js","2995","7BC33B01832AB2943DBC60083A182AE0BFC943C389B80919E07EB440DD0BB668","12_MISC_REFERENCE"
"12_MISC_REFERENCE\project_support\scripts\phase6a_lan_probe.py","1404","78BCDC4E718C0F071E5B456ED598E076D42E6608BB641261C10574EB3769E049","12_MISC_REFERENCE"
"12_MISC_REFERENCE\project_support\scripts\phase6_asset_syntax.js","703","0960986A1315CF1FD9DD775B7B757E61C6385470B8CEC5D5A30429A34192C1D4","12_MISC_REFERENCE"
"12_MISC_REFERENCE\project_support\scripts\phase6_serial_check.py","468","068A98C77B2655E1A977E7114981A3557534F2F0C930CE1BD47F4F0CD978686D","12_MISC_REFERENCE"
"12_MISC_REFERENCE\project_support\scripts\phase7_preflight.py","2300","DB38A5ED54BE915DDAC815BBF4FD6CB027A6C52E83CF43A0CA1B82AAD86F25FE","12_MISC_REFERENCE"
"12_MISC_REFERENCE\project_support\scripts\phase8_runtime_check.py","1541","7122F7F6CFBC7C5871E96CA6F07843E7339F11DE1A5CA321CC030BE0D2628DD2","12_MISC_REFERENCE"
"12_MISC_REFERENCE\project_support\scripts\thai_ui_audit.py","1832","FB2A2C4BC4C37EFEEBFCED54DA82829B0A609A6B384C8AEC8953106F6F9AB40A","12_MISC_REFERENCE"
"12_MISC_REFERENCE\project_support\scripts\thai_ui_preview.py","2317","AAF16393E21557A0B3DD07D0F0CA65A98EA8C7975D7831BE090886063D3B65E0","12_MISC_REFERENCE"
"12_MISC_REFERENCE\project_support\scripts\__pycache__\canonical_ap_probe.cpython-314.pyc","9882","2B6ABF0196F783ACD5564123F504EFDBE30A8FD544EFC18B0D5341F4C4D18F47","12_MISC_REFERENCE"
"12_MISC_REFERENCE\project_support\scripts\__pycache__\canonical_layer_probe.cpython-312.pyc","19254","20102DB382C5D97559B1D4831CF244AD995D81C314D5529256E5C718667C7093","12_MISC_REFERENCE"
"12_MISC_REFERENCE\project_support\scripts\__pycache__\canonical_layer_probe.cpython-314.pyc","20458","FBAD752BD3E012093104CFD81490858A2A992609DE3C7B391C71DBC116446BE3","12_MISC_REFERENCE"
"12_MISC_REFERENCE\project_support\scripts\__pycache__\phase8_runtime_check.cpython-314.pyc","3021","370B923F475AA7ABC2497E34FB0156625F7D50D4C037D3C94FB8E758DF6685E4","12_MISC_REFERENCE"
"12_MISC_REFERENCE\project_support\scripts\__pycache__\thai_ui_audit.cpython-314.pyc","3751","010FC7774E3AD5E79BAA39A2C82B394B6F7797AC7EF93E5BC22B1944DF06DC7D","12_MISC_REFERENCE"
"12_MISC_REFERENCE\project_support\scripts\__pycache__\thai_ui_preview.cpython-314.pyc","4090","D1D1E09004473DA1C18B5C5A0F3EF11531A15507C7FD6D9F3A323F502B39A563","12_MISC_REFERENCE"
"12_MISC_REFERENCE\project_support\tools\gen_admin_bitmaps.py","1582","59BD247C99CD275AD25AE376BDD9523FE029DCDDE92A7AE17A3BB7FE0A027A28","12_MISC_REFERENCE"
"12_MISC_REFERENCE\project_support\tools\gen_local_fallback_bitmaps.py","1191","478D1BD3ECD69D72FDC09936DB8BF96D0E5BD6141E0962B512EF4F823F5564D3","12_MISC_REFERENCE"
"12_MISC_REFERENCE\project_support\tools\gen_thai_reset_bitmaps.py","2240","2EEEA500DE33DAC626DEA398440A234F3110FFC468B7892443568100D3F70F9D","12_MISC_REFERENCE"
"12_MISC_REFERENCE\project_support\tools\canonical_recurrence\capture_mdns_admin.ps1","11821","5A31128480380B53611F3C6C45A155C1A1595AB4B29CA68EB9E1AD47D965677F","12_MISC_REFERENCE"
"12_MISC_REFERENCE\project_support\tools\__pycache__\gen_local_fallback_bitmaps.cpython-314.pyc","1488","0FE48940359DEDDD901ABE737DC82793E3C2A05EBE7789BAA2EC852AC68B0B85","12_MISC_REFERENCE"
"12_MISC_REFERENCE\project_support\tools\__pycache__\gen_thai_reset_bitmaps.cpython-314.pyc","4608","5A92793882842F954157E0D9C93EA562D45B510D2BC1C63A674387924595D54C","12_MISC_REFERENCE"
"manifest\CLEAN_RUNTIME_MANIFEST.csv","273829","F20D8FC818B9AEE25980ECF0D93F595F78FA7786CE098ACFAA6806062FC08D13","manifest"
"manifest\README.md","548","8EE94963E37CC0BCB5F693E9664983A7E54A8225DA055C96457466486F4EDF31","manifest"
